name,display_name,category,purpose,information,danger_level,url
亜鉛塩類,,指定添加物,強化剤,,,
亜塩素酸水,,指定添加物,殺菌料,,,
亜塩素酸ナトリウム,,指定添加物,漂白剤、殺菌料,,,
亜酸化窒素,,指定添加物,製造用剤,,,
アジピン酸,,指定添加物,酸味料,,,
亜硝酸ナトリウム,亜硝酸 Na,指定添加物,発色剤,"亜硝酸ナトリウムは、主に食肉の色を鮮やかに保つために用いられる添加物です。
ボツリヌス菌をはじめとした細菌の繁殖を抑え、腐敗を防止する働きがあります。
主にハム・ソーセージなどの食肉製品や、いくら、すじこ、たらこなどの魚卵に使われています。
JECFA（FAO／WHO合同食品添加物専門家会議）による２回の評価では、
亜硝酸ナトリウムは「ヒトへの摂取と発がんリスクに関連性があるという証拠はない」と結論づけられました。
しかし、その一方で亜硝酸ナトリウムは、別の物質と結びつくと健康リスクが高まると言われています。
例えば、肉や魚などのタンパク質を食べると体の中で生成される物質「アミン」もその１つです。
アミンと亜硝酸ナトリウムが結びつくことで、発がん性物質の「ニトロソアミン」に変化する可能性があります。
また、亜硝酸ナトリウムは、血中のヘモグロビンと結合すると「メトヘモグロビン」を形成します。
メトヘモグロビンも少量であれば問題ありませんが、血中の量に応じて呼吸困難、頻脈、チアノーゼ等の症状を引き起こすことがあります。
特に生後３カ月以下の乳児や高齢者は、少量でも影響を受けやすいため注意が必要です。",,https://wacoms.jp/media/column/food_additive/
ビタミンC,,指定添加物,強化剤、酸化防止剤,,,
L－アスコルビン酸カルシウム,アスコルビン酸 Ca，ビタミンＣ，V.C,指定添加物,強化剤、酸化防止剤,,,
L－アスコルビン酸2-グルコシド,,指定添加物,強化剤,,,
別名ビタミンCステアレート,,指定添加物,強化剤、酸化防止剤,,,
別名ビタミンCナトリウム,,指定添加物,強化剤、酸化防止剤,,,
別名ビタミンCパルミテート,,指定添加物,強化剤、酸化防止剤,,,
アスパラギナーゼ,,指定添加物,酵素,,,
L－アスパラギン酸ナトリウム,アスパラギン酸ナトリウム，アスパラギン酸 Na,指定添加物,調味料、強化剤,,,
アスパルテーム,,指定添加物,甘味料,"アスパルテームは、低カロリーでありながら砂糖の約 200 倍甘いとされる合成甘味料です。
主に飲料、菓子、チューインガム、ヨーグルトなどに使用されています。
JECFAや食品科学委員会（SCF）は、アスパルテームの一日摂取許容量（ADI）を「40mg/kg体重/日」と定めています。
2013年12月には、欧州食品安全機関（EFSA）がアスパルテームの再評価を行っており、上記のADIを変更する必要はないと結論づけました。
一方、2006年にイタリアの「セサーレ・マルトーニ　ガン研究所」にて行われた実験証明では、
８週齢のラット（１グループ100～150匹）にアスパルテームを死ぬまで投与し続けたところ、
悪性の腫瘍やリンパ腫、白血病の増加が見られたとされています。
さらに2022年にフランス国立保健医学研究所（INSERM）から発表された研究結果によると、
人工甘味料の摂取量が多い人は人工甘味料を摂取していない人と比べて、がんと診断されるリスクが13％高いことが示されました。
特に乳がんのリスクが高く、アスパルテームの摂取量が多い人で22％上昇したというデータも出ています。",,https://wacoms.jp/media/column/food_additive/
アセスルファムK,,指定添加物,甘味料,"アセスルファムKは、アスパルテームと同様、砂糖の200倍の甘みを持つ合成甘味料です。
他の合成甘味料と併用されることも多く、アスパルテームを同量添加すると甘味度が40％増すと言われています。
2020年に開催された「日本小腸学会学術集会」の発表によると、アセスルファムKを長期投与したマウスの小腸を調べたところ、
腸内細菌のバランスが崩れ、悪玉菌の増加が認められたそうです。
また、2021年のニュージーランドの研究機関からの発表によると、妊娠中の雌のマウスにアセスルファムKを含んだ餌を与えたところ、
糖尿病予備軍の症状が引き起こされたといいます。
他にもラットの子孫の発情期周期が不規則になったり、脂肪細胞の平均サイズが増加したりなどが、結果に現れました。",,https://wacoms.jp/media/column/food_additive/
アセチル化アジピン酸架橋デンプン,加工デンプン,指定添加物,増粘安定剤、製造用剤,,,
アセチル化酸化デンプン,加工デンプン,指定添加物,増粘安定剤、製造用剤,,,
アセチル化リン酸架橋デンプン,加工デンプン,指定添加物,増粘安定剤、製造用剤,,,
アセトアルデヒド,,指定添加物,香料,,,
アセト酢酸エチル,,指定添加物,香料,,,
アセトフェノン,,指定添加物,香料,,,
アセトン,,指定添加物,製造用剤,,,
亜セレン酸ナトリウム,亜セレン酸 Na,指定添加物,強化剤,,,
アゾキシストロビン,,指定添加物,防かび剤,,,
アドバンテーム,,指定添加物,甘味料,,,
アニスアルデヒド,,指定添加物,香料,,,
β－アポ－８'－カロテナール,アポカロテナール、アポカロテナール色素、カロチノイド、カロチノイド色素、カロテノイド、カロテノイド色素,指定添加物,着色料,,,
(3-アミノ-3-カルボキシプロピル)ジメチルスルホニウム塩化物,,指定添加物,香料,,,
アミルアルコール,,指定添加物,香料,,,
α－アミルシンナムアルデヒド,,指定添加物,香料,,,
DL－アラニン,アラニン,指定添加物,調味料、強化剤,,,
亜硫酸水素アンモニウム水,亜硫酸塩，亜硫酸アンモニウム,指定添加物,保存料、酸化防止剤,,,
亜硫酸ナトリウム,亜硫酸塩，亜硫酸 Na,指定添加物,保存料、酸化防止剤、漂白剤,,,
L－アルギニンL－グルタミン酸塩,アルギニングルタミン酸塩,指定添加物,調味料、強化剤,,,
アルギン酸アンモニウム,,指定添加物,増粘安定剤,,,
アルギン酸カリウム,アルギン酸 K,指定添加物,増粘安定剤,,,
アルギン酸カルシウム,アルギン酸 Ca,指定添加物,増粘安定剤,,,
アルギン酸ナトリウム,アルギン酸 Na,指定添加物,増粘安定剤,,,
アルギン酸プロピレングリコールエステル,アルギン酸エステル,指定添加物,増粘安定剤,,,
アルゴン,,指定添加物,製造用剤,,,
安息香酸,,指定添加物,保存料,,,
安息香酸ナトリウム,安息香酸 Na,指定添加物,保存料,"安息香酸ナトリウムは、カビの増殖や食品の腐敗を防ぐ保存料です。
清涼飲料水・シロップ・マーガリン・醤油・果実ペースト・果汁・ジャム・キャビアなどに使われています。
問題点は、一緒にビタミンCなどの酸を摂取するとベンゼンが生成されることです。
ベンゼンは、染料や合成洗剤の製造時に使用される化学物質で、発がん性がある物質としてIARC（国際がん研究所）がグループ1に分類しています。
石炭や石油の燃焼時に空気中に排出されることもあるベンゼンですが、体内に入ると排出が困難です。
造血器官である骨髄に悪影響をもたらし貧血や白血病の原因にもなります。
厚生労働省もイギリスで2006年3月におこなわれた製品回収のケースを受けて、同年5月に分析調査をおこないました。
その結果、31銘柄のうち1銘柄が基準値を超えるベンゼンが検出され、製品の回収を呼びかけたことがあります。
日常的に安息香酸ナトリウムが含まれたビタミンCサプリメントを摂取している方は、避けた方がよさそうです。",,https://metahealth.co.jp/media/food-additive-top10/#index_id1
アントラニル酸メチル,,指定添加物,香料,,,
アンモニア,,指定添加物,製造用剤,,,
アンモニウムイソバレレート,,指定添加物,香料,,,
イオノン,,指定添加物,香料,,,
イオン交換樹脂,,指定添加物,製造用剤,,,
イソアミルアルコール,,指定添加物,香料,,,
イソオイゲノール,,指定添加物,香料,,,
イソ吉草酸イソアミル,,指定添加物,香料,,,
イソ吉草酸エチル,,指定添加物,香料,,,
イソキノリン,,指定添加物,香料,,,
イソチオシアネート類,,指定添加物,香料,,,
イソチオシアン酸アリル,,指定添加物,香料,,,
イソバレルアルデヒド,,指定添加物,香料,,,
イソブタノール,,指定添加物,香料,,,
イソブチルアミン,,指定添加物,香料,,,
イソブチルアルデヒド,,指定添加物,香料,,,
イソプロパノール,,指定添加物,香料、抽出溶剤,,,
イソプロピルアミン,,指定添加物,香料,,,
イソペンチルアミン,,指定添加物,香料,,,
L－イソロイシン,イソロイシン,指定添加物,調味料、強化剤,,,
5'－イノシン酸二ナトリウム,イノシン酸ナトリウム，イノシン酸 Na,指定添加物,調味料,,,
イマザリル,,指定添加物,防かび剤,,,
インドール及びその誘導体　類番号2,,指定添加物,香料,,,
5'－ウリジル酸二ナトリウム,ウリジル酸ナトリウム，ウリジル酸 Na,指定添加物,調味料,,,
γ－ウンデカラクトン,,指定添加物,香料,,,
エステルガム,,指定添加物,ガムベース,,,
エステル類　類番号4,,指定添加物,香料,,,
"2－エチル－3,5－ジメチルピラジン及び2－エチル－3,6－ジメチルピラジンの混合物",,指定添加物,香料,,,
エチルバニリン,,指定添加物,香料,,,
2－エチルピラジン,,指定添加物,香料,,,
3－エチルピリジン,,指定添加物,香料,,,
2－エチル－3－メチルピラジン,,指定添加物,香料,,,
2－エチル－5－メチルピラジン,,指定添加物,香料,,,
2－エチル－6－メチルピラジン,,指定添加物,香料,,,
5－エチル－2－メチルピリジン,,指定添加物,香料,,,
エチレンジアミン四酢酸カルシウム二ナトリウム,EDTA カルシウムナトリウム，EDTA―Ca・Na,指定添加物,酸化防止剤,,,
エチレンジアミン四酢酸二ナトリウム,EDTA ナトリウム，EDTA―Na,指定添加物,酸化防止剤,,,
エーテル類　類番号3,,指定添加物,香料,,,
エリソルビン酸,,指定添加物,酸化防止剤,"aエリソルビン酸ナトリウムは日本では厚生労働省によって指定添加物として認可されています。使用基準は特に設定されていませんが、「魚肉すり身を除く魚肉ねり製品やパンにあっては、栄養を補給する目的で使用してはならない」「その他の食品にあっては酸化防止の目的以外に使用してはならない」というルールが定められています。なお保存料として用いられるソルビン酸とは別物です。エリソルビン酸ナトリウムはIARC（国際がん研究機関）によって発がん性は確認されていません。FDA（アメリカ食品医薬品局）ではエリソルビン酸ナトリウムおよびその立体異性体であるアスコルビン酸ナトリウムについて、人に対して有害影響を与える根拠はないとの観点からGRAS（一般的に安全とみなされる物質）に指定しています。
　JECFAでは使用基準が設定されていませんが、EFSA（欧州食品安全機関）におけるエリソルビン酸およびエリソルビン酸ナトリウムの一日摂取許容量（ADI）は体重1kg当たり6mgとされています。",,https://www.konekono-heya.com/syokuji/seibun/sanka-boushizai-erythorbate.html
エリソルビン酸ナトリウム,エリソルビン酸 Na，イソアスコルビン酸 Na,指定添加物,酸化防止剤,"aエリソルビン酸ナトリウムは日本では厚生労働省によって指定添加物として認可されています。使用基準は特に設定されていませんが、「魚肉すり身を除く魚肉ねり製品やパンにあっては、栄養を補給する目的で使用してはならない」「その他の食品にあっては酸化防止の目的以外に使用してはならない」というルールが定められています。なお保存料として用いられるソルビン酸とは別物です。エリソルビン酸ナトリウムはIARC（国際がん研究機関）によって発がん性は確認されていません。FDA（アメリカ食品医薬品局）ではエリソルビン酸ナトリウムおよびその立体異性体であるアスコルビン酸ナトリウムについて、人に対して有害影響を与える根拠はないとの観点からGRAS（一般的に安全とみなされる物質）に指定しています。
　JECFAでは使用基準が設定されていませんが、EFSA（欧州食品安全機関）におけるエリソルビン酸およびエリソルビン酸ナトリウムの一日摂取許容量（ADI）は体重1kg当たり6mgとされています。",,https://www.konekono-heya.com/syokuji/seibun/sanka-boushizai-erythorbate.html
エルゴカルシフェロール,ビタミンＤ，V.D,指定添加物,強化剤,,,
塩化アンモニウム,,指定添加物,製造用剤,,,
塩化カリウム,塩化Ｋ,指定添加物,調味料,,,
塩化カルシウム,塩化 Ca,指定添加物,強化剤、豆腐用凝固剤,,,
塩化第二鉄,塩化鉄,指定添加物,強化剤,,,
塩化マグネシウム,塩化 Mg,指定添加物,強化剤、製造用剤,,,
塩酸,,指定添加物,製造用剤,,,
オイゲノール,,指定添加物,香料,,,
オクタナール,,指定添加物,香料,,,
オクタン酸,,指定添加物,香料、殺菌料（過酢酸製剤の成分）,,,
オクタン酸エチル,,指定添加物,香料,,,
オクテニルコハク酸デンプンナトリウム,加工デンプン，オクテニルコハク酸デンプン Na,指定添加物,増粘安定剤、乳化剤、製造用剤,,,
オルトフェニルフェノール及びオルトフェニルフェノールナトリウム,"OPP, オルトフェニルフェノール Na，OPP―Na",指定添加物,防かび剤,"OPP（オルトフェニルフェノール）やTBZ（チアベンダゾール）は、柑橘系のフルーツによく使われる防カビ剤です。オレンジなどを生産するアメリカでは、収穫後に散布される農薬（いわゆるポストハーベスト農薬）として使用されています。
日本ではポストハーベスト農薬は禁止されていますが、アメリカ政府からの要請を受け、1977年にはOPP、翌1978年にはTBZが食品添加物として認可されました。1969年時点ではOPPの農薬使用は禁止されていたことを考えると、異例の対応スピードだと言えます。
しかしながら、安全性には疑問が残ります。東京都立衛生研究所が行った動物実験では、妊娠中のラットにTBZを与えたところ、子どもの手足の奇形などの症状が認められました。また、OPPを含んだエサを与えたラットの83％が膀胱がんに、OPP-Naを含んだエサでは95％が膀胱がんや肝臓がんを発症したという実験結果もあります。
OPPやTBZは柑橘類の表皮に散布されますが、少量は果肉にも残ります。そのため、皮を剥いたとしても完全に取り除くことはできません。
こうした防カビ剤は、アルコール（エタノール）を含ませたキッチンペーパーなどでよくふき取ることで、大部分が除去できます。また、国産のものを選んで買うのも良いでしょう。
",,https://wacoms.jp/media/column/food_additive/#section4-4
オレイン酸ナトリウム,オレイン酸 Na,指定添加物,被膜剤,,,
過酢酸,,指定添加物,殺菌料（過酢酸製剤の成分）,,,
過酸化水素,,指定添加物,漂白剤、殺菌料,,,
過酸化ベンゾイル,,指定添加物,小麦粉処理剤,,,
カゼインナトリウム,カゼイン Na,指定添加物,製造用剤,,,
過硫酸アンモニウム,,指定添加物,小麦粉処理剤,,,
カルボキシメチルセルロースカルシウム,CMC―Ca，繊維素グリコール酸 Ca,指定添加物,増粘安定剤,,,
カルボキシメチルセルロースナトリウム,CMC―Na，繊維素グリコール酸 Na，CMC,指定添加物,増粘安定剤,,,
β-カロチン,,指定添加物,着色料、強化剤,,,
カンタキサンチン,"カロチノイド、カロチノイド色素、カロテノイ
ド、カロテノイド色素",指定添加物,着色料,,,
ギ酸イソアミル,,指定添加物,香料,,,
ギ酸ゲラニル,,指定添加物,香料,,,
ギ酸シトロネリル,,指定添加物,香料,,,
キシリトール,,指定添加物,甘味料,,,
キチングルカン,,指定添加物,製造用剤,,,
5'－グアニル酸二ナトリウム,グアニル酸ナトリウム，グアニル酸 Na,指定添加物,調味料,,,
クエン酸,,指定添加物,酸味料,,,
クエン酸イソプロピル,クエン酸エステル,指定添加物,酸化防止剤,,,
クエン酸三エチル,クエン酸エチル,指定添加物,香料、乳化剤,,,
クエン酸一カリウム及びクエン酸三カリウム,,指定添加物,調味料,,,
クエン酸カルシウム,クエン酸 Ca,指定添加物,調味料、強化剤、製造用剤,,,
クエン酸第一鉄ナトリウム,クエン酸鉄 Na,指定添加物,強化剤,,,
クエン酸鉄,,指定添加物,強化剤,,,
クエン酸鉄アンモニウム,,指定添加物,強化剤,,,
クエン酸三ナトリウム,クエン酸 Na,指定添加物,酸味料、調味料,,,
グリシン,,指定添加物,調味料、強化剤、製造用剤,,,
グリセリン,,指定添加物,製造用剤,,,
グリセリン脂肪酸エステル,グリセリンエステル,指定添加物,乳化剤、ガムベース、製造用剤,,,
グリセロリン酸カルシウム,,指定添加物,強化剤,,,
グリチルリチン酸二ナトリウム,グリチルリチン酸ナトリウム，グリチルリチン酸 Na,指定添加物,甘味料,,,
グルコノデルタラクトン,,指定添加物,酸味料、製造用剤,,,
グルコン酸,,指定添加物,酸味料,,,
グルコン酸カリウム,グルコン酸Ｋ,指定添加物,酸味料、調味料、製造用剤,,,
グルコン酸カルシウム,グルコン酸 Ca,指定添加物,強化剤,,,
グルコン酸第一鉄,,指定添加物,強化剤,,,
グルコン酸ナトリウム,グルコン酸 Na,指定添加物,酸味料、調味料、製造用剤,,,
グルタミルバリルグリシン,,指定添加物,調味料,,,
L-グルタミン酸,グルタミン酸,指定添加物,調味料、強化剤,,,
L-グルタミン酸アンモニウム,グルタミン酸アンモニウム,指定添加物,調味料,,,
L-グルタミン酸カリウム,グルタミン酸カリウム，グルタミン酸Ｋ,指定添加物,調味料、強化剤,,,
L-グルタミン酸カルシウム,グルタミン酸カルシウム，グルタミン酸 Ca,指定添加物,調味料、強化剤,,,
L-グルタミン酸ナトリウム,グルタミン酸ナトリウム，グルタミン酸 Na,指定添加物,調味料、強化剤,,,
L-グルタミン酸マグネシウム,グルタミン酸マグネシウム，グルタミン酸 Mg,指定添加物,調味料、強化剤,,,
ケイ酸カルシウム,ケイ酸 Ca,指定添加物,製造用剤,,,
ケイ酸マグネシウム,ケイ酸 Mg,指定添加物,製造用剤,,,
ケイ皮酸,,指定添加物,香料,,,
ケイ皮酸エチル,,指定添加物,香料,,,
ケイ皮酸メチル,,指定添加物,香料,,,
ケトン類　類番号5,,指定添加物,香料,,,
ゲラニオール,,指定添加物,香料,,,
高度サラシ粉,,指定添加物,製造用剤,,,
コハク酸,,指定添加物,酸味料、調味料,,,
コハク酸一ナトリウム,コハク酸ナトリウム，コハク酸 Na,指定添加物,酸味料、調味料,,,
コハク酸二ナトリウム,コハク酸ナトリウム，コハク酸 Na,指定添加物,酸味料、調味料,,,
ビタミンD3,,指定添加物,強化剤,,,
コンドロイチン硫酸ナトリウム,コンドロイチン硫酸 Na,指定添加物,製造用剤,,,
酢酸イソアミル,,指定添加物,香料,,,
酢酸エチル,,指定添加物,香料、製造用剤,,,
酢酸カルシウム,酢酸 Ca,指定添加物,強化剤,,,
酢酸ゲラニル,,指定添加物,香料,,,
酢酸シクロヘキシル,,指定添加物,香料,,,
酢酸シトロネリル,,指定添加物,香料,,,
酢酸シンナミル,,指定添加物,香料,,,
酢酸テルピニル,,指定添加物,香料,,,
酢酸デンプン,加工デンプン,指定添加物,増粘安定剤、製造用剤,,,
酢酸ナトリウム,酢酸 Na,指定添加物,酸味料、調味料、製造用剤,,,
酢酸ビニル樹脂,,指定添加物,ガムベース、被膜剤,,,
酢酸フェネチル,,指定添加物,香料,,,
酢酸ブチル,,指定添加物,香料,,,
酢酸ベンジル,,指定添加物,香料,,,
酢酸l-メンチル,,指定添加物,香料,,,
酢酸リナリル,,指定添加物,香料,,,
サッカリン,,指定添加物,甘味料,,,
サッカリンカルシウム,サッカリン Ca,指定添加物,甘味料,,,
サッカリンナトリウム,サッカリン Na,指定添加物,甘味料,,,
サリチル酸メチル,,指定添加物,香料,,,
酸化カルシウム,酸化 Ca,指定添加物,イーストフード、強化剤,,,
酸化デンプン,加工デンプン,指定添加物,増粘安定剤、製造用剤,,,
酸化マグネシウム,酸化 Mg,指定添加物,強化剤、製造用剤,,,
三二酸化鉄,酸化鉄,指定添加物,着色料,,,
次亜塩素酸水,,指定添加物,殺菌料,,,
次亜塩素酸ナトリウム,次亜塩素酸 Na,指定添加物,殺菌料、漂白剤,"次亜塩素酸ナトリウムは塩素系漂白剤の主成分です。食品の色調を整えたり殺菌したりするために使用されます。
そのほかにも酸化防止・変色防止・防カビなど広い用途で用いられます。
具体的には、生野菜やカット野菜の酸化防止、卵などの殺菌、かんぴょう・ドライフルーツ・カズノコなどの漂白などです。
動物による経口実験では、赤血球の著しい減少・貧血・腫瘍・浮腫・慢性炎症・生殖への影響などが確認されています。
最終製品の完成までに分解または除去されるのが使用条件となっていますが、毒性が高いだけに注意が必要です。
一方で、食品安全委員会の審議では、現在のところヒトが多少体内に摂り入れても問題ないという結果となっています。（ヒトでも実験済み）",,https://metahealth.co.jp/media/food-additive-top10/#index_id1
次亜臭素酸水,,指定添加物,殺菌料,,,
次亜硫酸ナトリウム,次亜硫酸 Na，亜硫酸塩,指定添加物,保存料、酸化防止剤、漂白剤,,,
"2,3－ジエチルピラジン",,指定添加物,香料,,,
"2,3－ジエチル－5－メチルピラジン",,指定添加物,香料,,,
シクロヘキシルプロピオン酸アリル,,指定添加物,香料,,,
L－システイン塩酸塩,システイン塩酸塩，システイン,指定添加物,強化剤,,,
5'－シチジル酸二ナトリウム,シチジル酸ナトリウム，シチジル酸 Na,指定添加物,調味料,,,
シトラール,,指定添加物,香料,,,
シトロネラール,,指定添加物,香料,,,
シトロネロール,,指定添加物,香料,,,
"1,8－シネオール",,指定添加物,香料,,,
ジフェニル,DP,指定添加物,防かび剤,,,
ジフェノコナゾール,トリアゾール,指定添加物,防かび剤,,,
ジブチルヒドロキシトルエン,BHT,指定添加物,酸化防止剤,"BHAは「ブチルヒドロキシアニソール」、BHTは「ジブチルヒドロキシトルエン」と呼ばれる酸化防止剤です。どちらも油脂に溶けやすい性質を持ちます。
食品であればバターやマーガリン、魚介類の加工品などに用いられます。海外では米国、カナダ、EUなどで飼料・食品添加物として広く使われています。
日本では1954年にBHAが、1956年にBHTが食品添加物に定められました。BHTはBHAと化学構造が似ているため、代替品としての使用や、２つを混合して使用することもあります。
日本では1980年代、BHAの発がん性についての実験により「BHAは弱いながらラットに対して発がん性が認められる」という結論を出しました。しかし、これは正確には「ラットの“前胃”に発がん性が認められた」という結果ですので、前胃を持たないヒト、犬、猫などには影響がないとされています。
一方、1995年に英国のジョブリングらが化学物質の環境ホルモン作用を検討したところ、BHAには弱いながら女性ホルモン作用があることが分かりました。女性ホルモンは胎児に作用すると奇形・障害の可能性があるため、安全性には問題があるといえます。
日本でBHAやBHTは、医薬品添加剤として総合ビタミン剤などにも用いられてきました。現在BHAには「0.5 mg/kg 体重/日」、BHTには「0.25 mg/kg 体重/日」という厳しい基準が定められていますが、食品・薬品ともに原材料をチェックし、極力摂取量を減らすと良いでしょう。",,https://wacoms.jp/media/column/food_additive/#section4-4
ジベンゾイルチアミン,チアミン，ビタミンＢ1，V.B1,指定添加物,強化剤,,,
ジベンゾイルチアミン塩酸塩,チアミン，ビタミンＢ1，V.B1,指定添加物,強化剤,,,
脂肪酸類　類番号6,,指定添加物,香料,,,
脂肪族高級アルコール類　類番号7,,指定添加物,香料,,,
脂肪族高級アルデヒド類,,指定添加物,香料,,,
脂肪族高級炭化水素類,,指定添加物,香料,,,
"2,3－ジメチルピラジン",,指定添加物,香料,,,
"2,5－ジメチルピラジン",,指定添加物,香料,,,
"2,6－ジメチルピラジン",,指定添加物,香料,,,
"2,6－ジメチルピリジン",,指定添加物,香料,,,
シュウ酸,,指定添加物,製造用剤,,,
臭素酸カリウム,,指定添加物,製造用剤,"臭素酸カリウムは主に小麦パンに使われる添加物です。小麦のタンパク質に反応し、膨らみ方や食感を向上させる働きがあります。
臭素酸カリウムは、基本的には焼成時に消失する物質です。日本ではパンに限定した使用と、小麦粉１kgあたり0.03g以下までの使用制限、そして完成時には分解され、製品中には残存しないという条件のもとで許可されています。
そんな中、1980年代には発がん性が指摘され、日本国内の研究でも発がんのイニシエーター（DNA損傷作用）、プロモーター（発がんの促進作用）の両方の作用があると示されました。
国際がん研究機関（IARC）の評価では、「グループ２B（ヒトに対して発がん性があるかもしれない）」という分類付けがされており、EUなどでは使用が禁止されています。
メーカーによっては使用・不使用をHPなどで公表しているため、気になる方はあらかじめ調べた上で選ぶと安心でしょう。",,https://wacoms.jp/media/column/food_additive/#section4-4
DL－酒石酸,,指定添加物,酸味料,,,
L－酒石酸,,指定添加物,酸味料,,,
L－酒石酸カリウム,,指定添加物,製造用剤,,,
Calcium L-Tartrate (Calcium d-Tartrate),,指定添加物,製造用剤,,,
DL－酒石酸水素カリウム,,指定添加物,調味料,,,
L－酒石酸水素カリウム,,指定添加物,調味料,,,
DL－酒石酸ナトリウム,,指定添加物,酸味料、調味料,,,
L－酒石酸ナトリウム,,指定添加物,酸味料、調味料,,,
硝酸カリウム,硝酸Ｋ,指定添加物,発色剤、製造用剤,,,
硝酸ナトリウム,硝酸 Na,指定添加物,発色剤、製造用剤,,,
食用赤色2号,,指定添加物,着色料,,,
食用赤色3号,,指定添加物,着色料,"赤色の着色料の代表として挙げられるのが、赤色３号や赤色102号です。
赤色３号は、ピンクに近い紅色で着色できる合成着色料です。日本では紅白かまぼこ、漬物、菓子類などに使用されています。EFSA（欧州食品安全機関）の調査によると、この色素によるヒトへの急性毒性は認められていませんが、動物実験において甲状腺腫瘍などの症状が認められたことから、ドイツやアメリカでは規制されています。
赤色102号は主に漬物や菓子、ソーセージなどに使用される着色料です。動物実験の結果では、遺伝を含む発がん性は認められなかったものの、児童の多動性（ADHD）の増加や肝機能低下、赤血球の減少がみられたとされています。",,https://wacoms.jp/media/column/food_additive/#section4-4
食用赤色40号,,指定添加物,着色料,,,
食用赤色102号,,指定添加物,着色料,"赤色の着色料の代表として挙げられるのが、赤色３号や赤色102号です。
赤色３号は、ピンクに近い紅色で着色できる合成着色料です。日本では紅白かまぼこ、漬物、菓子類などに使用されています。EFSA（欧州食品安全機関）の調査によると、この色素によるヒトへの急性毒性は認められていませんが、動物実験において甲状腺腫瘍などの症状が認められたことから、ドイツやアメリカでは規制されています。
赤色102号は主に漬物や菓子、ソーセージなどに使用される着色料です。動物実験の結果では、遺伝を含む発がん性は認められなかったものの、児童の多動性（ADHD）の増加や肝機能低下、赤血球の減少がみられたとされています。",,https://wacoms.jp/media/column/food_additive/#section4-4
食用赤色104号,,指定添加物,着色料,,,
食用赤色105号,,指定添加物,着色料,,,
食用赤色106号,,指定添加物,着色料,,,
食用黄色4号,,指定添加物,着色料,,,
食用黄色5号,,指定添加物,着色料,"黄色や橙色への着色に使われる黄色５号は、ほぼすべての国で使用されている着色料です。菓子や清涼飲料に使われることが多く、他の着色料と混ぜて用いられることもあります。
黄色５号は国際がん研究機関（IARC）では発がん性が認められていませんが、2007年の英国食品基準庁（FSA）は10歳未満の児童への多動性（ADHD）との関係性が疑われると結論づけました。ただし、４mg/kgを超えるような大量摂取をしない限り人体への影響はないとされたことから、欧州では「子供の行動や注意に悪影響を及ぼすかもしれない」という注意書きを入れた上での使用・販売が許可されています。",,https://wacoms.jp/media/column/food_additive/#section4-4
食用緑色3号,,指定添加物,着色料,,,
食用青色1号,,指定添加物,着色料,"青色１号および２号は、共に青色に染色するために用いられる着色料です。
青色１号は主に清涼飲料水やお菓子、ハワイアンブルーのかき氷シロップ、氷菓子などに使われています。鮮やかなブルーに染色できる特性を持ち、水やアルコールに溶けやすいのが特徴です。青色１号を用いた動物実験では、注射による摂取で発がん性が確認されました。しかし、ヒトが経口摂取した場合は安全であるとされ、世界各国で使用されています。一方で、ドイツなどの一部ヨーロッパ諸国では使用が禁止され、代替品が用いられています。

青色２号は、青色１号に比べると青紫色をした着色料です。日本では和菓子や氷菓子、清涼飲料水などに使われています。青色１号と同様、動物実験では皮下注射で発がん性との関連が疑われていますが、ヒトへの影響はないとされ、使用が認められています。ただし日本国内では、魚肉や食肉の漬物、昆布類、スポンジケーキなど、制限が設けられた食品への使用は禁止されています。",,https://wacoms.jp/media/column/food_additive/#section4-4
食用青色2号,,指定添加物,着色料,"青色１号および２号は、共に青色に染色するために用いられる着色料です。
青色１号は主に清涼飲料水やお菓子、ハワイアンブルーのかき氷シロップ、氷菓子などに使われています。鮮やかなブルーに染色できる特性を持ち、水やアルコールに溶けやすいのが特徴です。青色１号を用いた動物実験では、注射による摂取で発がん性が確認されました。しかし、ヒトが経口摂取した場合は安全であるとされ、世界各国で使用されています。一方で、ドイツなどの一部ヨーロッパ諸国では使用が禁止され、代替品が用いられています。

青色２号は、青色１号に比べると青紫色をした着色料です。日本では和菓子や氷菓子、清涼飲料水などに使われています。青色１号と同様、動物実験では皮下注射で発がん性との関連が疑われていますが、ヒトへの影響はないとされ、使用が認められています。ただし日本国内では、魚肉や食肉の漬物、昆布類、スポンジケーキなど、制限が設けられた食品への使用は禁止されています。",,https://wacoms.jp/media/column/food_additive/#section4-4
ショ糖脂肪酸エステル,ショ糖エステル,指定添加物,乳化剤、ガムベース、製造用剤,,,
シリコーン樹脂,シリコーン,指定添加物,製造用剤,,,
シンナミルアルコール,,指定添加物,香料,,,
シンナムアルデヒド,,指定添加物,香料,,,
水酸化カリウム,水酸化Ｋ,指定添加物,製造用剤,,,
水酸化カルシウム,水酸化 Ca,指定添加物,強化剤、製造用剤,,,
水酸化ナトリウム,,指定添加物,製造用剤,,,
水酸化マグネシウム,水酸化 Mg,指定添加物,強化剤、製造用剤,,,
スクラロース,,指定添加物,甘味料,,,
ステアリン酸カルシウム,ステアリン酸 Ca,指定添加物,強化剤、製造用剤,,,
ステアリン酸マグネシウム,ステアリン酸 Mg,指定添加物,製造用剤,,,
ステアロイル乳酸カルシウム,ステアロイル乳酸 Ca，ステアリル乳酸 Ca,指定添加物,乳化剤,,,
ステアロイル乳酸ナトリウム,ステアロイル乳酸 Na，ステアリル乳酸 Na,指定添加物,乳化剤,,,
ソルビタン脂肪酸エステル,ソルビタンエステル,指定添加物,乳化剤、ガムベース,,,
D－ソルビトール,ソルビトール，ソルビット,指定添加物,製造用剤,,,
ソルビン酸,,指定添加物,保存料,,,
ソルビン酸カリウム,ソルビン酸Ｋ,指定添加物,保存料,"ソルビン酸カリウムは、細菌やカビの発生を抑え、腐敗を防止する役割があります。
コンビニやスーパーで売られている弁当類や、かまぼこ、ちくわ、はんぺんなどの練り物、ハム、ソーセージなどの加工食品、ワインやチーズなど、幅広い食品に用いられています。また、歯磨き粉やシャンプーなどの日用品にも含まれます。
ソルビン酸カリウムは、経口摂取後に腸でほとんど吸収された後、体内に分配されて、二酸化炭素や尿として排出されます。そのため、体内に成分が残ることはほとんどありません。
しかし一方で、ソルビン酸カリウムを摂取した結果、腸内の善玉菌が死滅し減少したという論文もあります。さらに、一定の環境下でソルビン酸と亜硝酸ナトリウムなどが反応し、生成された物質には遺伝毒性などがあるというデータも出ています。
ソルビン酸カリウムは、身近な食品、日用品に多く含まれているので、気づかぬ間に摂取しすぎないよう気を付けたいですね。",,https://wacoms.jp/media/column/food_additive/#section4-4
ソルビン酸カルシウム,ソルビン酸 Ca,指定添加物,保存料,,,
炭酸アンモニウム,,指定添加物,製造用剤,,,
炭酸カリウム,炭酸カリウム，炭酸Ｋ,指定添加物,製造用剤,,,
炭酸カルシウム,炭酸 Ca,指定添加物,ガムベース、強化剤、製造用剤,,,
炭酸水素アンモニウム,,指定添加物,製造用剤,,,
炭酸水素カリウム,炭酸水素Ｋ，炭酸Ｋ，重炭酸Ｋ,指定添加物,製造用剤,,,
炭酸水素ナトリウム,炭酸水素 Na，重炭酸 Na，重曹,指定添加物,製造用剤,,,
炭酸ナトリウム,炭酸 Na,指定添加物,製造用剤,,,
炭酸マグネシウム,炭酸 Mg,指定添加物,強化剤、製造用剤,,,
チアベンダゾール,TBZ,指定添加物,防かび剤,"OPP（オルトフェニルフェノール）やTBZ（チアベンダゾール）は、柑橘系のフルーツによく使われる防カビ剤です。オレンジなどを生産するアメリカでは、収穫後に散布される農薬（いわゆるポストハーベスト農薬）として使用されています。
日本ではポストハーベスト農薬は禁止されていますが、アメリカ政府からの要請を受け、1977年にはOPP、翌1978年にはTBZが食品添加物として認可されました。1969年時点ではOPPの農薬使用は禁止されていたことを考えると、異例の対応スピードだと言えます。
しかしながら、安全性には疑問が残ります。東京都立衛生研究所が行った動物実験では、妊娠中のラットにTBZを与えたところ、子どもの手足の奇形などの症状が認められました。また、OPPを含んだエサを与えたラットの83％が膀胱がんに、OPP-Naを含んだエサでは95％が膀胱がんや肝臓がんを発症したという実験結果もあります。
OPPやTBZは柑橘類の表皮に散布されますが、少量は果肉にも残ります。そのため、皮を剥いたとしても完全に取り除くことはできません。
こうした防カビ剤は、アルコール（エタノール）を含ませたキッチンペーパーなどでよくふき取ることで、大部分が除去できます。また、国産のものを選んで買うのも良いでしょう。
",,https://wacoms.jp/media/column/food_additive/#section4-4
チアミン塩酸塩,チアミン，ビタミンＢ1，V.B1,指定添加物,強化剤,,,
チアミン硝酸塩,チアミン，ビタミンＢ1，V.B1,指定添加物,強化剤,,,
チアミンセチル硫酸塩,チアミン，ビタミンＢ1，V.B1,指定添加物,強化剤,,,
チアミンチオシアン酸塩,チアミン，ビタミンＢ1，V.B1,指定添加物,強化剤,,,
"チアミンナフタレン－1,5－ジスルホン酸塩",,指定添加物,強化剤,,,
チアミンラウリル硫酸塩,チアミン，ビタミンＢ1，V.B1,指定添加物,強化剤、製造用剤,,,
チオエーテル類,,指定添加物,香料,,,
チオール類,,指定添加物,香料,,,
L－テアニン,テアニン,指定添加物,調味料、強化剤,,,
デカナール,,指定添加物,香料,,,
デカノール,,指定添加物,香料,,,
デカン酸エチル,,指定添加物,香料,,,
鉄クロロフィリンナトリウム,鉄クロロフィリン Na，鉄葉緑素,指定添加物,着色料,,,
"5,6,7,8－テトラヒドロキノキサリン",,指定添加物,香料,,,
"2,3,5,6－テトラメチルピラジン",,指定添加物,香料,,,
デヒドロ酢酸ナトリウム,デヒドロ酢酸 Na,指定添加物,保存料,,,
テルピネオール,,指定添加物,香料,,,
テルペン系炭化水素類　類番号12,,指定添加物,香料,,,
デンプングリコール酸ナトリウム,加工デンプン，デンプングリコール酸 Na,指定添加物,増粘安定剤,,,
銅塩類,,指定添加物,強化剤,,,
銅クロロフィリンナトリウム,銅クロロフィリン Na，銅葉緑素,指定添加物,着色料,,,
銅クロロフィル,銅葉緑素,指定添加物,着色料,,,
dl－α－トコフェロール,トコフェロール，ビタミンＥ，V.E,指定添加物,酸化防止剤,,,
トコフェロール酢酸エステル,酢酸トコフェロール，酢酸ビタミンＥ，酢酸 V.E,指定添加物,強化剤,,,
d－α－トコフェロール酢酸エステル,,指定添加物,強化剤,,,
DL－トリプトファン,,指定添加物,調味料、強化剤,,,
L－トリプトファン,,指定添加物,調味料、強化剤,,,
トリメチルアミン,,指定添加物,香料,,,
"2,3,5－トリメチルピラジン",,指定添加物,香料,,,
DL－トレオニン,,指定添加物,調味料、強化剤,,,
L－トレオニン,,指定添加物,調味料、強化剤,,,
ナイシン,,指定添加物,保存料,,,
ナタマイシン,,指定添加物,製造用剤,,,
ナトリウムメトキシド,,指定添加物,製造用剤,,,
ニコチン酸,,指定添加物,強化剤,,,
ニコチン酸アミド,ニコチン酸，ナイアシン,指定添加物,強化剤,,,
二酸化硫黄,二酸化イオウ，亜硫酸塩,指定添加物,保存料、酸化防止剤、漂白剤,,,
二酸化塩素,,指定添加物,製造用剤,,,
二酸化ケイ素,酸化ケイ素,指定添加物,製造用剤,,,
二酸化炭素,炭酸,指定添加物,酸味料、製造用剤,,,
二酸化チタン,酸化チタン,指定添加物,着色料,,,
二炭酸ジメチル,,指定添加物,殺菌料,,,
乳酸,,指定添加物,酸味料,,,
乳酸カリウム,乳酸 K,指定添加物,調味料、ｐH調整剤,,,
乳酸カルシウム,乳酸 Ca,指定添加物,調味料、強化剤,,,
乳酸鉄,,指定添加物,強化剤,,,
乳酸ナトリウム,乳酸 Na,指定添加物,酸味料、調味料,,,
ネオテーム,,指定添加物,甘味料,,,
γ－ノナラクトン,,指定添加物,香料,,,
ノルビキシンカリウム,"ノルビキシンＫ，水溶性アナトー，アナトー，
アナトー色素，カロチノイド，カロチノイド色
素，カロテノイド，カロテノイド色素",指定添加物,着色料,,,
ノルビキシンナトリウム,"ノルビキシン Na，水溶性アナトー，アナトー，
アナトー色素，カロチノイド，カロチノイド色
素，カロテノイド，カロテノイド色素",指定添加物,着色料,,,
バニリン,,指定添加物,香料,,,
パラオキシ安息香酸イソブチル,パラオキシ安息香酸，イソブチルパラベン,指定添加物,保存料,,,
パラオキシ安息香酸イソプロピル,パラオキシ安息香酸，イソプロピルパラベン,指定添加物,保存料,,,
パラオキシ安息香酸エチル,パラオキシ安息香酸，エチルパラベン,指定添加物,保存料,,,
パラオキシ安息香酸ブチル,パラオキシ安息香酸，ブチルパラベン,指定添加物,保存料,,,
パラオキシ安息香酸プロピル,パラオキシ安息香酸，プロピルパラベン,指定添加物,保存料,,,
パラメチルアセトフェノン,,指定添加物,香料,,,
L－バリン,バリン,指定添加物,調味料、強化剤,,,
バレルアルデヒド,,指定添加物,香料,,,
パントテン酸カルシウム,パントテン酸 Ca,指定添加物,強化剤,,,
パントテン酸ナトリウム,パントテン酸 Na,指定添加物,強化剤,,,
ビオチン,,指定添加物,強化剤,,,
L－ヒスチジン塩酸塩,ヒスチジン塩酸塩，ヒスチジン,指定添加物,調味料、強化剤,,,
ビスベンチアミン,チアミン，ビタミンＢ1，V.B1,指定添加物,強化剤,,,
ビタミンA,V.A,指定添加物,強化剤,,,
ビタミンA脂肪酸エステル,"ビタミンＡエステル，レチノールエステル，ビ
タミンＡ，V.A ",指定添加物,強化剤,,,
"1-ヒドロキシエチリデン-1,1-ジホスホン酸",,指定添加物,殺菌料（過酢酸製剤の成分）,,,
ヒドロキシシトロネラール,,指定添加物,香料,,,
ヒドロキシシトロネラールジメチルアセタール,,指定添加物,香料,,,
ヒドロキシプロピル化リン酸架橋デンプン,加工デンプン,指定添加物,増粘安定剤、製造用剤,,,
ヒドロキシプロピルセルロース,ＨＰＣ,指定添加物,製造用剤,,,
ヒドロキシプロピルデンプン,加工デンプン,指定添加物,増粘安定剤、製造用剤,,,
ヒドロキシプロピルメチルセルロース,ＨＰＭＣ,指定添加物,製造用剤,,,
ビニルイミダゾール・ビニルピロリドン共重合体,,指定添加物,製造用剤,,,
ピペリジン,,指定添加物,香料,,,
ピペロナール,,指定添加物,香料,,,
ピペロニルブトキシド,,指定添加物,製造用剤,,,
ヒマワリレシチン,レシチン,指定添加物,乳化剤,,,
氷酢酸,酢酸,指定添加物,酸味料、製造用剤,,,
ピラジン,,指定添加物,香料,,,
別名ビタミンB6,,指定添加物,強化剤,,,
ピリメタニル,,指定添加物,防かび剤,,,
ピロ亜硫酸カリウム,"亜硫酸塩，亜硫酸カリウム，亜硫酸Ｋ，重亜硫
酸カリウム，重亜硫酸Ｋ",指定添加物,保存料、酸化防止剤、漂白剤,,,
ピロ亜硫酸ナトリウム,"亜硫酸塩，亜硫酸ナトリウム，亜硫酸 Na，重亜
硫酸ナトリウム，重亜硫酸 Na，亜硫酸ソーダ",指定添加物,保存料、酸化防止剤、漂白剤,,,
ピロリジン,,指定添加物,香料,,,
ピロリン酸四カリウム,ピロリン酸Ｋ,指定添加物,製造用剤,,,
ピロリン酸二水素カルシウム,ピロリン酸カルシウム，ピロリン酸 Ca,指定添加物,強化剤、製造用剤,,,
ピロリン酸二水素二ナトリウム,ピロリン酸ナトリウム，ピロリン酸 Na,指定添加物,製造用剤,,,
ピロリン酸第二鉄,ピロリン酸鉄,指定添加物,強化剤,,,
ピロリン酸四ナトリウム,ピロリン酸 Na,指定添加物,製造用剤,,,
ピロール,,指定添加物,香料,,,
フィチン酸カルシウム,フィチン酸 Ca,指定添加物,製造用剤,,,
L－フェニルアラニン,フェニルアラニン,指定添加物,調味料、強化剤,,,
フェニル酢酸イソアミル,,指定添加物,香料,,,
フェニル酢酸イソブチル,,指定添加物,香料,,,
フェニル酢酸エチル,,指定添加物,香料,,,
2－(3－フェニルプロピル)ピリジン,,指定添加物,香料,,,
フェネチルアミン,,指定添加物,香料,,,
フェノールエーテル類,,指定添加物,香料,,,
フェノール類,,指定添加物,香料,,,
フェロシアン化物,,指定添加物,製造用剤,,,
プシコースエピメラーゼ,,指定添加物,酵素,,,
ブタノール,,指定添加物,香料,,,
ブチルアミン,,指定添加物,香料,,,
sec－ブチルアミン,,指定添加物,香料,,,
ブチルアルデヒド,,指定添加物,香料,,,
ブチルヒドロキシアニソール,BHA,指定添加物,酸化防止剤,"BHAは「ブチルヒドロキシアニソール」、BHTは「ジブチルヒドロキシトルエン」と呼ばれる酸化防止剤です。どちらも油脂に溶けやすい性質を持ちます。
食品であればバターやマーガリン、魚介類の加工品などに用いられます。海外では米国、カナダ、EUなどで飼料・食品添加物として広く使われています。
日本では1954年にBHAが、1956年にBHTが食品添加物に定められました。BHTはBHAと化学構造が似ているため、代替品としての使用や、２つを混合して使用することもあります。
日本では1980年代、BHAの発がん性についての実験により「BHAは弱いながらラットに対して発がん性が認められる」という結論を出しました。しかし、これは正確には「ラットの“前胃”に発がん性が認められた」という結果ですので、前胃を持たないヒト、犬、猫などには影響がないとされています。
一方、1995年に英国のジョブリングらが化学物質の環境ホルモン作用を検討したところ、BHAには弱いながら女性ホルモン作用があることが分かりました。女性ホルモンは胎児に作用すると奇形・障害の可能性があるため、安全性には問題があるといえます。
日本でBHAやBHTは、医薬品添加剤として総合ビタミン剤などにも用いられてきました。現在BHAには「0.5 mg/kg 体重/日」、BHTには「0.25 mg/kg 体重/日」という厳しい基準が定められていますが、食品・薬品ともに原材料をチェックし、極力摂取量を減らすと良いでしょう。",,https://wacoms.jp/media/column/food_additive/#section4-4
フマル酸,,指定添加物,酸味料,,,
フマル酸一ナトリウム,フマル酸 Na,指定添加物,酸味料、調味料,,,
フルジオキソニル,,指定添加物,防かび剤,,,
フルフラール及びその誘導体,,指定添加物,香料,,,
プロパノール,,指定添加物,香料,,,
プロピオンアルデヒド,,指定添加物,香料,,,
プロピオン酸,,指定添加物,保存料、香料,,,
プロピオン酸イソアミル,,指定添加物,香料,,,
プロピオン酸エチル,,指定添加物,香料,,,
プロピオン酸カルシウム,プロピオン酸 Ca,指定添加物,保存料,,,
プロピオン酸ナトリウム,プロピオン酸 Na,指定添加物,保存料,,,
プロピオン酸ベンジル,,指定添加物,香料,,,
プロピコナゾール,トリアゾール,指定添加物,防かび剤,,,
プロピルアミン,,指定添加物,香料,,,
プロピレングリコール,,指定添加物,製造用剤,,,
プロピレングリコール脂肪酸エステル,プロピレングリコールエステル,指定添加物,乳化剤、ガムベース,,,
ヘキサン酸,,指定添加物,香料,,,
ヘキサン酸アリル,,指定添加物,香料,,,
ヘキサン酸エチル,,指定添加物,香料,,,
ヘキシルアミン,,指定添加物,香料,,,
ヘプタン酸エチル,,指定添加物,香料,,,
l－ペリルアルデヒド,,指定添加物,香料,,,
ベンジルアルコール,,指定添加物,香料,,,
ベンズアルデヒド,,指定添加物,香料,,,
2-ペンタノール,,指定添加物,香料,,,
ペンチルアミン,,指定添加物,香料,,,
trans－2－ペンテナール,,指定添加物,香料,,,
1－ペンテン－3－オール,,指定添加物,香料,,,
芳香族アルコール類　類番号16,,指定添加物,香料,,,
芳香族アルデヒド類,,指定添加物,香料,,,
没食子酸プロピル,没食子酸,指定添加物,酸化防止剤,,,
ポリアクリル酸ナトリウム,ポリアクリル酸 Na,指定添加物,増粘安定剤,,,
ポリイソブチレン,,指定添加物,ガムベース,,,
ポリソルベート20,,指定添加物,乳化剤,,,
ポリソルベート60,,指定添加物,乳化剤,,,
ポリソルベート65,,指定添加物,乳化剤,,,
ポリソルベート80,,指定添加物,乳化剤,,,
ポリビニルピロリドン,ポビドン、ＰＶＰ,指定添加物,製造用剤,,,
ポリビニルポリピロリドン,,指定添加物,製造用剤,,,
ポリブテン,,指定添加物,ガムベース,,,
ポリリン酸カリウム,ポリリン酸Ｋ,指定添加物,製造用剤,,,
ポリリン酸ナトリウム,ポリリン酸 Na,指定添加物,製造用剤,,,
d－ボルネオール,,指定添加物,香料,,,
マルトール,,指定添加物,香料,,,
D－マンニトール,マンニトール，マンニット,指定添加物,製造用剤,,,
メタ酒石酸,,指定添加物,製造用剤,,,
メタリン酸カリウム,メタリン酸Ｋ,指定添加物,製造用剤,,,
メタリン酸ナトリウム,メタリン酸 Na,指定添加物,製造用剤,,,
DL－メチオニン,,指定添加物,調味料、強化剤,,,
L－メチオニン,,指定添加物,調味料、強化剤,,,
N－メチルアントラニル酸メチル,,指定添加物,香料,,,
5－メチルキノキサリン,,指定添加物,香料,,,
6－メチルキノリン,,指定添加物,香料,,,
"5－メチル－6,7－ジヒドロ－5H－シクロペンタピラジン",,指定添加物,香料,,,
メチルセルロース,,指定添加物,増粘安定剤,,,
1－メチルナフタレン,,指定添加物,香料,,,
メチルβ－ナフチルケトン,,指定添加物,香料,,,
2-メチルピラジン,,指定添加物,香料,,,
2-メチルブタノール,,指定添加物,香料,,,
3－メチル－2－ブタノール,,指定添加物,香料,,,
2－メチルブチルアミン,,指定添加物,香料,,,
2－メチルブチルアルデヒド,,指定添加物,香料,,,
trans－2－メチル－2－ブテナール,,指定添加物,香料,,,
3－メチル－2－ブテナール,,指定添加物,香料,,,
3－メチル－2－ブテノール,,指定添加物,香料,,,
メチルヘスペリジン,ヘスペリジン，ビタミンＰ，V.P,指定添加物,強化剤,,,
dl－メントール,,指定添加物,香料,,,
l－メントール,,指定添加物,香料,,,
モルホリン脂肪酸塩,モルホリン,指定添加物,製造用剤,,,
葉酸,,指定添加物,強化剤,,,
酪酸,,指定添加物,香料,,,
酪酸イソアミル,,指定添加物,香料,,,
酪酸エチル,,指定添加物,香料,,,
酪酸シクロヘキシル,,指定添加物,香料,,,
酪酸ブチル,,指定添加物,香料,,,
ラクトン類,,指定添加物,香料,,,
L－リシンL－アスパラギン酸塩,"リシン，リジン，リシンアスパラギン酸塩，リ
ジンアスパラギン酸塩",指定添加物,調味料、強化剤,,,
L－リシン塩酸塩,リシン，リジン，リシン塩酸塩，リジン塩酸塩,指定添加物,調味料、強化剤,,,
L－リシンL－グルタミン酸塩,"リシン，リジン，リシングルタミン酸塩，リジ
ングルタミン酸塩",指定添加物,調味料、強化剤,,,
リナロオール,,指定添加物,香料,,,
5'－リボヌクレオチドカルシウム,"リボヌクレオチドカルシウム，リボヌクレオチ
ド Ca，リボヌクレオタイドカルシウム，リボヌ
クレオタイド Ca ",指定添加物,調味料,,,
5'－リボヌクレオチド二ナトリウム,"リボヌクレオチドナトリウム，リボヌクレオチ
ド Na，リボヌクレオタイドナトリウム，リボヌ
クレオタイド Na ",指定添加物,調味料,,,
リボフラビン,V.B2,指定添加物,着色料、強化剤,,,
リボフラビン酪酸エステル,リボフラビン，ビタミンＢ2，V.B2,指定添加物,着色料、強化剤,,,
リボフラビン5'－リン酸エステルナトリウム,,指定添加物,着色料、強化剤,,,
硫酸,,指定添加物,製造用剤,,,
硫酸アルミニウムアンモニウム,アンモニウムミョウバン,指定添加物,膨脹剤、製造用剤,,,
硫酸アルミニウムカリウム,カリミョウバン，ミョウバン,指定添加物,膨脹剤、製造用剤,,,
硫酸アンモニウム,,指定添加物,製造用剤,,,
硫酸カリウム,硫酸 K,指定添加物,調味料,,,
硫酸カルシウム,硫酸 Ca,指定添加物,強化剤、豆腐用凝固剤,,,
硫酸第一鉄,硫酸鉄,指定添加物,強化剤,,,
硫酸ナトリウム,硫酸 Na,指定添加物,製造用剤,,,
硫酸マグネシウム,硫酸 Mg,指定添加物,製造用剤、強化剤,,,
DL－リンゴ酸,リンゴ酸,指定添加物,酸味料,,,
DL－リンゴ酸ナトリウム,リンゴ酸ナトリウム，リンゴ酸 Na,指定添加物,酸味料、調味料,,,
リン酸,,指定添加物,酸味料、製造用剤,,,
リン酸架橋デンプン,加工デンプン,指定添加物,増粘安定剤、製造用剤,,,
リン酸化デンプン,加工デンプン,指定添加物,増粘安定剤、製造用剤,,,
リン酸三カリウム,リン酸カリウム，リン酸Ｋ,指定添加物,調味料、製造用剤,,,
リン酸三カルシウム,リン酸カルシウム，リン酸 Ca,指定添加物,ガムベース、強化剤、製造用剤,,,
リン酸三マグネシウム,リン酸マグネシウム，リン酸 Mg,指定添加物,強化剤、製造用剤,,,
リン酸水素二アンモニウム,リン酸アンモニウム,指定添加物,製造用剤,,,
リン酸二水素アンモニウム,リン酸アンモニウム,指定添加物,製造用剤,,,
リン酸水素二カリウム,リン酸カリウム，リン酸Ｋ,指定添加物,調味料、製造用剤,,,
リン酸二水素カリウム,リン酸カリウム，リン酸Ｋ,指定添加物,調味料、製造用剤,,,
リン酸一水素カルシウム,リン酸カルシウム，リン酸 Ca,指定添加物,ガムベース、強化剤、製造用剤,,,
リン酸二水素カルシウム,リン酸カルシウム，リン酸 Ca,指定添加物,強化剤、製造用剤,,,
リン酸水素二ナトリウム,リン酸ナトリウム，リン酸 Na,指定添加物,調味料、製造用剤,,,
リン酸二水素ナトリウム,リン酸ナトリウム，リン酸 Na,指定添加物,調味料、製造用剤,,,
リン酸一水素マグネシウム,リン酸マグネシウム，リン酸 Mg,指定添加物,栄養強化剤、イーストフード,,,
リン酸三ナトリウム,リン酸ナトリウム，リン酸 Na,指定添加物,調味料、製造用剤,,,
リン酸モノエステル化リン酸架橋デンプン,加工デンプン,指定添加物,増粘安定剤、製造用剤,,,
アウレオバシジウム培養液,,既存添加物,増粘安定剤,,,
アガラーゼ,,既存添加物,酵素,,,
アクチニジン,,既存添加物,酵素,,,
アグロバクテリウムスクシノグリカン,,既存添加物,増粘安定剤,,,
アシラーゼ,,既存添加物,酵素,,,
アスコルビン酸オキシダーゼ,,既存添加物,酵素,,,
L-アスパラギン,,既存添加物,調味料、強化剤,,,
L-アスパラギン酸,,既存添加物,調味料、強化剤,,,
アスペルギルステレウス糖たん白質,,既存添加物,製造用剤,,,
α-アセトラクタートデカルボキシラーゼ,,既存添加物,酵素,,,
5'-アデニル酸,,既存添加物,強化剤,,,
アナトー色素,,既存添加物,着色料,,,
アマシードガム,,既存添加物,増粘安定剤,,,
アミノペプチダーゼ,,既存添加物,酵素,,,
α-アミラーゼ,,既存添加物,酵素,,,
β-アミラーゼ,,既存添加物,酵素,"酵素β-アミラーゼは、デンプンを分解する酵素の一種であり、食品添加物としても使用されています。酵素β-アミラーゼが含まれる食品としては、パンや菓子、ビール、酒、調味料、加工食品などが挙げられます。

特に、パンや菓子には多く含まれており、これらの食品を食べることで酵素β-アミラーゼを摂取することができます。また、ビールや酒にも含まれており、アルコールの分解を助ける働きがあるため、飲酒後の二日酔いを防ぐ効果が期待されています。

ただし、酵素β-アミラーゼは、過剰に摂取すると消化器系に負担をかけることがあるため、適量を守って摂取することが大切です。また、アレルギーを持つ人は、食品添加物として使用されている場合があるため、注意が必要です。適切な摂取量やアレルギーの有無については、医師や専門家に相談することをおすすめします。酵素β-アミラーゼは、食品添加物として広く使用されていますが、注意点もあります。まず、過剰な摂取は消化器系に負担をかける可能性があります。また、β-アミラーゼは小麦アレルギーを持つ人にとっては問題となることがあります。小麦アレルギーの人は、小麦由来の食品添加物を避ける必要があります。さらに、β-アミラーゼは、加熱によって活性が失われるため、加熱調理された食品には含まれません。そのため、加熱調理された食品にβ-アミラーゼを添加する場合は、加熱後に添加する必要があります。これらの注意点を踏まえて、適切な使用方法を守ることが重要です。",,https://shokuhinn.com/enzyme/one-of-the-food-additives-to-pay-attention-to-10/#toc4
L-アラニン,,既存添加物,調味料、強化剤,,,
アラビアガム,,既存添加物,増粘安定剤,,,
アラビノガラクタン,,既存添加物,増粘安定剤,,,
L-アラビノース,,既存添加物,甘味料,,,
L-アルギニン,,既存添加物,調味料、強化剤,,,
アルギン酸,,既存添加物,増粘安定剤,,,
アルギン酸リアーゼ,,既存添加物,酵素,,,
アルミニウム,,既存添加物,着色料,,,
アントシアナーゼ,,既存添加物,酵素,,,
イソアミラーゼ,,既存添加物,酵素,,,
イソアルファー苦味酸,,既存添加物,苦味料等,,,
イソマルトデキストラナーゼ,,既存添加物,酵素,,,
イナワラ灰抽出物,,既存添加物,製造用剤,,,
イヌリナーゼ,,既存添加物,酵素,,,
イノシトール,,既存添加物,強化剤,,,
インベルターゼ,,既存添加物,酵素,,,
ウェランガム,,既存添加物,増粘安定剤,,,
ウコン色素,,既存添加物,着色料,,,
ウルシロウ,,既存添加物,ガムベース、光沢剤,,,
ウレアーゼ,,既存添加物,酵素,,,
エキソマルトテトラオヒドロラーゼ,,既存添加物,酵素,,,
エステラーゼ,,既存添加物,酵素,,,
エレミ樹脂,,既存添加物,増粘安定剤、ガムベース,,,
塩水湖水低塩化ナトリウム液,,既存添加物,調味料,,,
オゾケライト,,既存添加物,ガムベース,,,
オゾン,,既存添加物,製造用剤,,,
オリゴガラクチュロン酸,,既存添加物,製造用剤,,,
γ-オリザノール,,既存添加物,酸化防止剤,,,
オレガノ抽出物,,既存添加物,製造用剤,,,
オレンジ色素,,既存添加物,着色料,,,
海藻灰抽出物,,既存添加物,製造用剤,,,
カオリン,,既存添加物,製造用剤,,,
カカオ色素,,既存添加物,着色料,,,
カキ色素,,既存添加物,着色料,,,
花こう斑岩,,既存添加物,製造用剤,,,
カシアガム,,既存添加物,増粘安定剤,,,
カタラーゼ,,既存添加物,酵素,,,
活性炭,,既存添加物,製造用剤,,,
活性白土,,既存添加物,製造用剤,,,
ガティガム,,既存添加物,増粘安定剤,,,
カテキン,,既存添加物,酸化防止剤,,,
カードラン,,既存添加物,増粘安定剤、製造用剤,,,
カフェイン,,既存添加物,苦味料等,,,
カラギナン,,既存添加物,増粘安定剤,"カラギーナン」はゲル化剤として使用され、海藻の一種である「紅藻類」から抽出される添加物です。主にアイスクリームやゼリーなどに使われ、安定剤だけでなく、ゼラチンに代わる原料としても期待されています。
世界保健機関（WHO）は2001年にカラギーナンの評価について「安全である」と結論づけていました。しかし、その後の動物実験の結果から炎症性大腸炎や結腸がんを発症する可能性が指摘され、EUでは幼児用粉ミルクへの使用を禁止しました。2016年にはアメリカで、有機食品へのカラギーナンの使用禁止の議案が可決されています。
日本では現状、カラギーナンに関して特別な使用基準を設けていません。天然由来の成分として日本でも頻繁に用いられる食品添加物ですが、兵庫県尼崎市の学校給食ではカラギーナン入りのゼリーは採用しないなど、自主規制の動きも広まっています。",,https://wacoms.jp/media/column/food_additive/#section4-4
加工ユーケマ藻類,,既存添加物,増粘安定剤,,,
精製カラギナン,,既存添加物,増粘安定剤,,,
ユーケマ藻末,,既存添加物,増粘安定剤,,,
α-ガラクトシダーゼ,,既存添加物,酵素,,,
β-ガラクトシダーゼ,,既存添加物,酵素,,,
カラシ抽出物,,既存添加物,製造用剤,,,
カラメルⅠ,,既存添加物,着色料、製造用剤,,,
カラメルⅡ,,既存添加物,着色料、製造用剤,,,
カラメルⅢ,,既存添加物,着色料、製造用剤,,,
カラメルⅣ,,既存添加物,着色料、製造用剤,,,
カラヤガム,,既存添加物,増粘安定剤,,,
カルナウバロウ,,既存添加物,ガムベース、光沢剤,,,
カルボキシペプチダーゼ,,既存添加物,酵素,,,
カロブ色素,,既存添加物,着色料、製造用剤,,,
カロブビーンガム,,既存添加物,増粘安定剤,,,
カワラヨモギ抽出物,,既存添加物,保存料,,,
カンゾウ抽出物,,既存添加物,甘味料,,,
カンゾウ油性抽出物,,既存添加物,酸化防止剤,,,
カンデリラロウ,,既存添加物,ガムベース、光沢剤,,,
キサンタンガム,,既存添加物,増粘安定剤,,,
キシラナーゼ,,既存添加物,酵素,,,
D-キシロース,,既存添加物,甘味料,,,
キチナーゼ,,既存添加物,酵素,,,
キチン,,既存添加物,増粘安定剤,,,
キトサナーゼ,,既存添加物,酵素,,,
キトサン,,既存添加物,増粘安定剤、製造用剤,,,
キナ抽出物,,既存添加物,苦味料等,,,
キハダ抽出物,,既存添加物,苦味料等,,,
キラヤ抽出物,,既存添加物,乳化剤,,,
金,,既存添加物,着色料、製造用剤,,,
銀,,既存添加物,着色料,,,
グァーガム,,既存添加物,増粘安定剤,,,
グァーガム酵素分解物,,既存添加物,増粘安定剤,,,
グアヤク脂,,既存添加物,酸化防止剤,,,
グアヤク樹脂,,既存添加物,ガムベース,,,
クエルセチン,,既存添加物,酸化防止剤,,,
クチナシ青色素,,既存添加物,着色料,,,
クチナシ赤色素,,既存添加物,着色料,,,
クチナシ黄色素,,既存添加物,着色料,,,
グッタハンカン,,既存添加物,ガムベース,,,
グッタペルカ,,既存添加物,ガムベース,,,
クリストバル石,,既存添加物,製造用剤,,,
グルカナーゼ,,既存添加物,酵素,,,
グルコアミラーゼ,,既存添加物,酵素,,,
グルコサミン,,既存添加物,増粘安定剤、製造用剤,,,
α-グルコシダーゼ,,既存添加物,酵素,,,
β-グルコシダーゼ,,既存添加物,酵素,,,
α-グルコシルトランスフェラーゼ,,既存添加物,酵素,,,
α-グルコシルトランスフェラーゼ処理ステビア,,既存添加物,甘味料,,,
グルコースイソメラーゼ,,既存添加物,酵素,,,
グルコースオキシダーゼ,,既存添加物,酵素,,,
グルタミナーゼ,,既存添加物,酵素,,,
L-グルタミン,,既存添加物,調味料、強化剤,,,
グレープフルーツ種子抽出物,,既存添加物,製造用剤,,,
クローブ抽出物,,既存添加物,酸化防止剤,,,
クロロフィリン,,既存添加物,着色料,,,
クロロフィル,,既存添加物,着色料,,,
くん液,,既存添加物,製造用剤,,,
木酢液,,既存添加物,製造用剤,,,
リキッドスモーク,,既存添加物,製造用剤,,,
ケイソウ土,,既存添加物,製造用剤,,,
ゲンチアナ抽出物,,既存添加物,苦味料等,,,
高級脂肪酸,,既存添加物,製造用剤,,,
香辛料抽出物,,既存添加物,苦味料等,,,
アサノミ、アサフェチダ、アジョワン、アニス、アンゼリカ、ウイキョウ、ウコン、オールスパイス、オレガノ、オレンジピール、カショウ、カッシア、カモミール、カラシナ、カルダモン、カレーリーフ、カンゾウ、キャラウェー、クチナシ、クミン、クレソン、クローブ、ケシノミ、ケーパー、コショウ、ゴマ、コリアンダー、サッサフラス、サフラン、サボリー、サルビア、サンショウ、シソ、シナモン、シャロット、ジュニパーベリー、ショウガ、スターアニス、スペアミント、セイヨウワサビ、セロリー、ソーレル、タイム、タマネギ、タマリンド、タラゴン、チャイブ、ディル、トウガラシ、ナツメグ、ニガヨモギ、ニジェラ、ニンジン、ニンニク、バジル、パセリ、ハッカ、バニラ、パプリカ、ヒソップ、フェネグリーク、ペパーミント、ホースミント、マジョラム、ミョウガ、ラベンダー、リンデン、レモングラス、レモンバーム、ローズ、ローズマリー、ローレル、ワサビ,,既存添加物,酸化防止剤,,,
酵素処理イソクエルシトリン,,既存添加物,苦味料等,,,
酵素処理ナリンジン,,既存添加物,強化剤,,,
酵素処理ヘスペリジン,,既存添加物,酸化防止剤、強化剤、着色料,,,
酵素処理ルチン,,既存添加物,乳化剤,,,
酵素処理レシチン,,既存添加物,甘味料,,,
酵素分解カンゾウ,,既存添加物,酸化防止剤,,,
酵素分解リンゴ抽出物,,既存添加物,乳化剤,,,
酵素分解レシチン,,既存添加物,増粘安定剤、製造用剤,,,
酵母細胞壁,,既存添加物,着色料,,,
コウリャン色素,,既存添加物,着色料,,,
コチニール色素,,既存添加物,製造用剤,,,
骨炭,,既存添加物,酸化防止剤,,,
ゴマ油不けん化物,,既存添加物,製造用剤,,,
ゴマ柄灰抽出物,,既存添加物,ガムベース,,,
ゴム,,既存添加物,ガムベース,,,
ゴム分解樹脂,,既存添加物,酸化防止剤,,,
コメヌカ油抽出物,,既存添加物,酸化防止剤,,,
コメヌカ酵素分解物,,既存添加物,ガムベース、光沢剤,,,
コメヌカロウ,,既存添加物,増粘安定剤,,,
サイリウムシードガム,,既存添加物,ガムベース、光沢剤,,,
サトウキビロウ,,既存添加物,製造用剤、増粘安定剤,,,
サバクヨモギシードガム,,既存添加物,製造用剤,,,
酸性白土,,既存添加物,酵素,,,
酸性ホスファターゼ,,既存添加物,製造用剤,,,
酸素,,既存添加物,強化剤,,,
シアノコバラミン,,既存添加物,ガムベース、光沢剤,"シュラックの主な用途は、お菓子の表面をツルツルに仕上げるコーティング剤。赤い色をしていて、食紅、染料、化粧品にも使われます。日本の法律上、シェラックは安全で有能な成分であると定義されています。

たくさんの企業が、シェラックの樹脂成分を生成したり、使いやすく加工する技術を開発しています。

医薬品のコーティング剤に使われている、ということは、「シェラックを使用した錠剤を使った人体実験が済んでいる」ということでもあります。

また、アメリカでも、安全な食品添加物としてよく使われています。

シェラックは、特に染料・楽器のコーティング剤として、古くから利用されてきました。
これまでの歴史の中で、シェラックが原因で病気になった、という事例はありません。

特に食用の添加物としては、手に溶けにくいチョコレートや、錠剤の表面を整えるのに使われます。

シュラックの正体は、蝋と樹脂が混ざったもの。

園芸家にはお馴染の厄介者、植物の樹液を吸う「カイガラムシ」という虫の一種が、身を守るために分泌する、天然のコーティング剤です。

一生を植物に張り付いて暮らす虫で、食べ物は植物の樹液のみ。
なので、シュラックは蝋（←虫由来）と樹脂（←植物由来）、それから、天敵を遠ざけるための赤い色、というわけです。
",,https://every-day-life.com/シェラックとは何か%E3%80%80危険は無いのか%E3%80%80添加物の/#i
シェラック,,既存添加物,ガムベース、光沢剤,,,
白シェラック,,既存添加物,ガムベース、光沢剤,,,
精製シェラック,,既存添加物,ガムベース、光沢剤,,,
シェラックロウ,,既存添加物,増粘安定剤,,,
ジェランガム,,既存添加物,ガムベース,,,
ジェルトン,,既存添加物,製造用剤,,,
シクロデキストリン,,既存添加物,酵素,,,
シクロデキストリングルカノトランスフェラーゼ,,既存添加物,調味料、強化剤,,,
L-シスチン,,既存添加物,製造用剤,,,
シソ抽出物,,既存添加物,着色料,,,
シタン色素,,既存添加物,強化剤,,,
5'-シチジル酸,,既存添加物,苦味料等,,,
ジャマイカカッシア抽出物,,既存添加物,製造用剤,,,
ショウガ抽出物,,既存添加物,強化剤、製造用剤,,,
焼成カルシウム,,既存添加物,強化剤、製造用剤,,,
うに殻焼成カルシウム,,既存添加物,強化剤、製造用剤,,,
貝殻焼成カルシウム,,既存添加物,強化剤、製造用剤,,,
骨焼成カルシウム,,既存添加物,強化剤、製造用剤,,,
造礁サンゴ焼成カルシウム,,既存添加物,強化剤、製造用剤,,,
乳清焼成カルシウム,,既存添加物,強化剤、製造用剤,,,
卵殻焼成カルシウム,,既存添加物,乳化剤,,,
植物性ステロール,,既存添加物,着色料,,,
植物炭末色素,,既存添加物,乳化剤,,,
植物レシチン,,既存添加物,保存料,,,
しらこたん白抽出物,,既存添加物,製造用剤,,,
水素,,既存添加物,甘味料,,,
ステビア抽出物,,既存添加物,甘味料,,,
ステビア,,既存添加物,着色料,,,
スピルリナ色素,,既存添加物,乳化剤,,,
スフィンゴ脂質,,既存添加物,製造用剤,,,
生石灰,,既存添加物,酸化防止剤,,,
精油除去ウイキョウ抽出物,,既存添加物,酸化防止剤、製造用剤,,,
セイヨウワサビ抽出物,,既存添加物,製造用剤,,,
ゼイン,,既存添加物,製造用剤,,,
ゼオライト,,既存添加物,酸化防止剤,,,
セージ抽出物,,既存添加物,製造用剤,,,
セピオライト,,既存添加物,調味料、強化剤,,,
L-セリン,,既存添加物,酵素,,,
セルラーゼ,,既存添加物,調味料,,,
粗製海水塩化カリウム,,既存添加物,製造用剤,,,
粗製海水塩化マグネシウム,,既存添加物,製造用剤,,,
ソバ柄灰抽出物,,既存添加物,ガムベース,,,
ソルバ,,既存添加物,ガムベース,,,
ソルビンハ,,既存添加物,乳化剤,,,
ダイズサポニン,,既存添加物,甘味料,,,
タウマチン,,既存添加物,調味料,,,
タウリン,,既存添加物,着色料,,,
タマネギ色素,,既存添加物,着色料,,,
タマリンド色素,,既存添加物,増粘安定剤,,,
タマリンドシードガム,,既存添加物,増粘安定剤,,,
タラガム,,既存添加物,ガムベース、製造用剤,,,
タルク,,既存添加物,乳化剤,,,
胆汁末,,既存添加物,酸化防止剤,,,
単糖・アミノ酸複合物,,既存添加物,酵素,,,
タンナーゼ,,既存添加物,製造用剤,,,
タンニン,,既存添加物,製造用剤,,,
柿タンニン,,既存添加物,製造用剤,,,
植物タンニン,,既存添加物,製造用剤,,,
ミモザタンニン,,既存添加物,ガムベース,,,
チクル,,既存添加物,製造用剤,,,
窒素,,既存添加物,製造用剤,,,
チャ乾留物,,既存添加物,酸化防止剤、製造用剤,,,
チャ抽出物,,既存添加物,ガムベース,,,
チルテ,,既存添加物,調味料、強化剤,,,
L-チロシン,,既存添加物,ガムベース,,,
ツヌー,,既存添加物,保存料,,,
ツヤプリシン,,既存添加物,酵素,,,
5'-デアミナーゼ,,既存添加物,ガムベース,,,
低分子ゴム,,既存添加物,苦味料等,,,
テオブロミン,,既存添加物,酵素,,,
デキストラナーゼ,,既存添加物,増粘安定剤,,,
デキストラン,,既存添加物,強化剤、製造用剤,,,
鉄,,既存添加物,強化剤、着色料,,,
デュナリエラカロテン,,既存添加物,製造用剤,,,
銅,,既存添加物,着色料,,,
トウガラシ色素,パプリカ色素,既存添加物,製造用剤,,,
トウガラシ水性抽出物,,既存添加物,乳化剤,,,
動物性ステロール,,既存添加物,酸化防止剤,,,
トコトリエノール,,既存添加物,酸化防止剤、強化剤,,,
d-α-トコフェロール,,既存添加物,酸化防止剤、強化剤,,,
d-γ-トコフェロール,,既存添加物,酸化防止剤、強化剤,,,
d-δ-トコフェロール,,既存添加物,着色料,,,
トマト色素,,既存添加物,増粘安定剤,,,
トラガントガム,,既存添加物,酵素,,,
トランスグルコシダーゼ,,既存添加物,酵素,,,
トランスグルタミナーゼ,,既存添加物,酵素,,,
トリプシン,,既存添加物,製造用剤,,,
トレハロース,,既存添加物,酵素,,,
トレハロースホスホリラーゼ,,既存添加物,増粘安定剤,,,
トロロアオイ,,既存添加物,増粘安定剤、製造用剤,,,
納豆菌ガム,,既存添加物,製造用剤,,,
ナフサ,,既存添加物,酸化防止剤,,,
生コーヒー豆抽出物,,既存添加物,酵素,,,
ナリンジナーゼ,,既存添加物,苦味料等,"ナリンジンとはフラボノイドの一種で、柑橘類に多く含まれる化合物です。
フラボノイドとは、ポリフェノールの一種であり、植物の葉、茎、幹などに含まれており種類は4,000以上あります。
フラボノイド類は人の体の特定の生理調節機能に働きかけるので、機能性成分として注目されています。
ナリンジンの構造は、ポリフェノール部分であるナリンゲニンという化合物と、糖が結合した配糖体の構造となっています。ナリンジンは食品の中でも、オレンジやグレープフルーツ等の柑橘類に多く含まれますが、特に果皮の部分に多く含まれるとされています。
そのため、アメリカでは果皮からナリンジンを抽出して利用する技術が非常に発達しており、有効利用されています。
日本では、柑橘類の果皮の大部分は飼料として利用されていますが、食品への利用を進めるための研究が日々行われています。
またナリンジンは苦味を有することから、苦味料の食品添加物として利用されています。
しかし、時にその苦味が邪魔になる場合があり、例えば果汁やシロップ漬け缶詰、マーマレード等を製造するときにナリンジン由来の苦味が入り、問題となる場合があります。
その場合、ナリンジンを分解する酵素、ナリンジナーゼが苦味取りに利用されています。ナリンジンは、国内で食品添加物として使用されているおり、欧州の食品安全性を評価するEFSAにおいて、ナリンジンは香料物質の登録簿に収載されており、食品に使用する際に、使用量には特に制限が設けられていません。
また、アメリカ食品医薬品局のFDAにおいて、ナリンジンはGRAS（一般に安全と認められる食品）認定されていますので、比較的安全な物質といえます。
ナリンジンはシトクロムP450の働きを阻害する効果があるとされています。
シトクロムP450は、薬物の代謝に関係することがあり、グレープフルーツジュースと薬を一緒に飲んではいけない理由が、グレープフルーツに含まれるナリンジンが薬の代謝を阻害し、副作用が発生する可能性があるためです。
ですので、薬を飲む際はナリンジンを摂取しない方が良いでしょう。",,https://syokunokaisetu.com/naringin/#i
ナリンジン,,既存添加物,ガムベース,,,
ニガーグッタ,,既存添加物,苦味料等,,,
ニガヨモギ抽出物,,既存添加物,製造用剤,,,
ニッケル,,既存添加物,強化剤、着色料,,,
ニンジンカロテン,,既存添加物,製造用剤,,,
ばい煎コメヌカ抽出物,,既存添加物,製造用剤,,,
ばい煎ダイズ抽出物,,既存添加物,酵素,,,
パーオキシダーゼ,,既存添加物,製造用剤,,,
白金,,既存添加物,酵素,,,
パパイン,,既存添加物,強化剤、着色料,,,
パーム油カロテン,,既存添加物,製造用剤,,,
パーライト,,既存添加物,製造用剤,,,
パラジウム,,既存添加物,ガムベース、光沢剤,,,
パラフィンワックス,,既存添加物,酵素,,,
パンクレアチン,,既存添加物,製造用剤,,,
ヒアルロン酸,,既存添加物,製造用剤,,,
微結晶セルロース,,既存添加物,増粘安定剤、製造用剤,,,
微小繊維状セルロース,,既存添加物,調味料、強化剤,,,
L-ヒスチジン,,既存添加物,着色料,,,
ビートレッド,,既存添加物,調味料、強化剤,,,
L-ヒドロキシプロリン,,既存添加物,酸化防止剤,,,
ヒマワリ種子抽出物,,既存添加物,製造用剤,,,
ひる石,,既存添加物,増粘安定剤,,,
ファーセレラン,,既存添加物,着色料,,,
ファフィア色素,,既存添加物,酵素,,,
フィシン,,既存添加物,酵素,,,
フィターゼ,,既存添加物,酸味料、製造用剤,,,
フィチン酸,,既存添加物,製造用剤,,,
フィチン,,既存添加物,酸化防止剤,,,
フェルラ酸,,既存添加物,増粘安定剤,,,
フクロノリ抽出物,,既存添加物,製造用剤,,,
ブタン,,既存添加物,着色料,,,
ブドウ果皮色素,,既存添加物,製造用剤,,,
ブドウ果皮抽出物,,既存添加物,酸化防止剤、製造用剤,,,
ブドウ種子抽出物,,既存添加物,甘味料,,,
ブラジルカンゾウ抽出物,,既存添加物,酵素,,,
フルクトシルトランスフェラーゼ,,既存添加物,酵素,,,
プルラナーゼ,,既存添加物,増粘安定剤、製造用剤,,,
プルラン,,既存添加物,酵素,,,
プロテアーゼ,,既存添加物,製造用剤,,,
プロパン,,既存添加物,酸化防止剤,,,
プロポリス抽出物,,既存添加物,酵素,,,
ブロメライン,,既存添加物,調味料、強化剤,,,
L-プロリン,,既存添加物,乳化剤,,,
分別レシチン,,既存添加物,製造用剤,,,
粉末セルロース,,既存添加物,ガムベース,,,
粉末モミガラ,,既存添加物,着色料,,,
ペカンナッツ色素,,既存添加物,製造用剤,,,
ヘキサン,,既存添加物,酵素,,,
ペクチナーゼ,,既存添加物,増粘安定剤,,,
ペクチン,,既存添加物,保存料,,,
ペクチン分解物,,既存添加物,酵素,,,
ヘスペリジナーゼ,,既存添加物,強化剤,,,
ヘスペリジン,,既存添加物,調味料,,,
ベタイン,,既存添加物,着色料,,,
ベニコウジ黄色素,,既存添加物,着色料,,,
ベニコウジ色素,,既存添加物,着色料,,,
ベニバナ赤色素,,既存添加物,着色料,,,
ベニバナ黄色素,,既存添加物,ガムベース,,,
ベネズエラチクル,,既存添加物,酵素,,,
ペプシン,,既存添加物,製造用剤,,,
ヘプタン,,既存添加物,酵素,,,
ペプチダーゼ,,既存添加物,着色料,,,
ヘマトコッカス藻色素,,既存添加物,酵素,,,
ヘミセルラーゼ,,既存添加物,強化剤,,,
ヘム鉄,,既存添加物,製造用剤,,,
ヘリウム,,既存添加物,製造用剤,,,
ベントナイト,,既存添加物,酵素,,,
ホスホジエステラーゼ,,既存添加物,酵素,,,
ホスホリパーゼ,,既存添加物,酸化防止剤,,,
没食子酸,,既存添加物,ガムベース,,,
ホホバロウ,,既存添加物,酵素,,,
ポリフェノールオキシダーゼ,,既存添加物,保存料,,,
ε-ポリリシン,,既存添加物,ガムベース、光沢剤,,,
マイクロクリスタリンワックス,,既存添加物,増粘安定剤,,,
マクロホモプシスガム,,既存添加物,ガムベース,,,
マスチック,,既存添加物,ガムベース,,,
マッサランドバチョコレート,,既存添加物,ガムベース,,,
マッサランドババラタ,,既存添加物,着色料,,,
マリーゴールド色素,,既存添加物,酵素,,,
マルトースホスホリラーゼ,,既存添加物,酵素,,,
マルトトリオヒドロラーゼ,,既存添加物,#N/A,,,
未焼成カルシウム,,既存添加物,#N/A,,,
貝殻未焼成カルシウム,,既存添加物,#N/A,,,
骨未焼成カルシウム,,既存添加物,#N/A,,,
サンゴ未焼成カルシウム,,既存添加物,#N/A,,,
真珠層未焼成カルシウム,,既存添加物,#N/A,,,
卵殻未焼成カルシウム,,既存添加物,酸化防止剤、強化剤,,,
ミックストコフェロール,,既存添加物,ガムベース、光沢剤,,,
ミツロウ,,既存添加物,ガムベース,,,
ミルラ,,既存添加物,着色料,,,
ムラサキイモ色素,,既存添加物,着色料,,,
ムラサキトウモロコシ色素,,既存添加物,着色料,,,
ムラサキヤマイモ色素,,既存添加物,酵素,,,
ムラミダーゼ,,既存添加物,強化剤,,,
メナキノン,,既存添加物,製造用剤,,,
メバロン酸,,既存添加物,酸化防止剤,,,
メラロイカ精油,,既存添加物,製造用剤,,,
モウソウチク乾留物,,既存添加物,製造用剤,,,
モウソウチク抽出物,,既存添加物,製造用剤,,,
木材チップ,,既存添加物,製造用剤,,,
木炭,,既存添加物,ガムベース、光沢剤,,,
モクロウ,,既存添加物,製造用剤,,,
木灰,,既存添加物,製造用剤,,,
木灰抽出物,,既存添加物,増粘安定剤,,,
モモ樹脂,,既存添加物,酸化防止剤,,,
ヤマモモ抽出物,,既存添加物,乳化剤、製造用剤,,,
ユッカフォーム抽出物,,既存添加物,甘味料,,,
ラカンカ抽出物,,既存添加物,酵素,,,
ラクトパーオキシダーゼ,,既存添加物,製造用剤,,,
ラクトフェリン濃縮物,,既存添加物,着色料,,,
ラック色素,,既存添加物,ガムベース、光沢剤,,,
ラノリン,,既存添加物,増粘安定剤,,,
ラムザンガム,,既存添加物,甘味料,,,
L-ラムノース,,既存添加物,乳化剤,,,
卵黄レシチン,,既存添加物,調味料、強化剤,,,
L-リシン,,既存添加物,酵素,,,
リゾチーム,,既存添加物,酵素,,,
リパーゼ,,既存添加物,酵素,,,
リポキシゲナーゼ,,既存添加物,甘味料,,,
D-リボース,,既存添加物,製造用剤,,,
流動パラフィン,,既存添加物,製造用剤,,,
リンターセルロース,,既存添加物,酸化防止剤,,,
ルチン酵素分解物,,既存添加物,酸化防止剤、着色料,,,
ルチン,,既存添加物,酸化防止剤、着色料,,,
エンジュ抽出物,,既存添加物,酸化防止剤、着色料,,,
アズキ全草抽出物,,既存添加物,酸化防止剤、着色料,,,
ソバ全草抽出物,,既存添加物,製造用剤,,,
ルテニウム,,既存添加物,苦味料等,,,
レイシ抽出物,,既存添加物,ガムベース,,,
レッチュデバカ,,既存添加物,酵素,,,
レンネット,,既存添加物,調味料、強化剤,,,
L-ロイシン,,既存添加物,着色料,,,
ログウッド色素,,既存添加物,ガムベース,,,
ロシディンハ,,既存添加物,ガムベース,,,
ロシン,,既存添加物,酸化防止剤,,,
ローズマリー抽出物,,一般飲食物添加物,着色料,アブラナ科キャベツ（Brassica oleracea LINNE var.capitata DC.）の赤い葉（赤キャベツ、紫キャベツ）より、室温時弱酸性水溶液で抽出して得られたものである。主色素はシアニジンアシルグリコシドである。赤色～紫赤色を呈する。,,
アカキャベツ色素,,一般飲食物添加物,着色料,イネ科イネ（Oryza sativa LINNE）の赤い種子（赤米）より、温時水、弱酸性水溶液又は含水エタノールで抽出して得られたものである。主色素はシアニジン-3-グルコシド等である。赤色を呈する。,,
アカゴメ色素,,一般飲食物添加物,着色料,アブラナ科ダイコン（Raphanus sativus LINNE）の赤紫の根（赤ダイコン）より、室温時水、弱酸性水溶液又は含水エタノールで抽出して得られたものである。主色素はペラルゴニジンアシルグリコシドである。,,
アカダイコン色素,,一般飲食物添加物,着色料,マメ科アズキ（Azukia angularis OHWI）の種子より水で抽出して得られたもの、又はこれを乾燥したものである。赤色を呈する。,,
アズキ色素,,一般飲食物添加物,甘味料,ユキノシタ科アマチャ（Hydrangea macrophylla SER. var.thungbergii MAKINO）の葉より、水で抽出して得られたものである。甘味成分はフィロズルシンである。,,
アマチャ抽出物,,一般飲食物添加物,着色料,コウイカ科モンゴウイカ（Sepia officinalis LINNAEUS）等の墨袋の内容物を水洗いしたものより、弱酸性含水エタノール及び含水エタノールで洗浄し、乾燥したものである。主色素はユーメラニンである。黒色を呈する。,,
イカスミ色素,,一般飲食物添加物,着色料,スイカズラ科クロミノウグイスカグラ（Lonicera caerulea LINNE var.emphyllocalyx NAKAI）の果実より、搾汁したもの、又は水で抽出して得られたものである。主色素はアントシアニンである。赤色～青色を呈する。,,
ウグイスカグラ色素,,一般飲食物添加物,着色料,,,
ウコン,,一般飲食物添加物,製造用剤,デンプン、糖蜜を原料とし、糖化、発酵後、蒸留して得られたものである。成分は専売法による発酵アルコールである。,,
エタノール,,一般飲食物添加物,着色料,"スイカズラ科エルダーベリー（Sambucus caerulea RAFIN., Sambucus canadensis LINNE, Sambucus nigra LINNE）の果実より、搾汁したもの、又は室温時～微温時水若しくは酸性水溶液で抽出して得られたものである。主色素は、シアニジングリコシド、デルフィニジングリコシドである。赤色～青色を呈する。",,
エルダーベリー色素,,一般飲食物添加物,増粘安定剤,アオイ科オクラ（Abelmoschus escaulentus MOENCH）のさやより、水で抽出して得られた粘質物である。,,
オクラ抽出物,,一般飲食物添加物,"着色料
苦味料等",モクセイ科オリーブ（Olea europaea LINNE）の葉より、茶と同様の製法により製したものである。,,
オリーブ茶,,一般飲食物添加物,増粘安定剤,海藻を、乾燥、粉砕して得られたセルロースである。,,
海藻セルロース,,一般飲食物添加物,着色料,ツツジ科コケモモ（Vaccinium Vitis-Idaea LINNE）の果実より、搾汁したもの、又は水で抽出して得られたものである。主色素はシアニジングリコシド及びデルフィニジングリコシドである。赤色～青色を呈する。,,
カウベリー色素,,一般飲食物添加物,着色料,,,
果汁,,一般飲食物添加物,,,,
ウグイスカグラ果汁,,一般飲食物添加物,,,,
エルダーベリー果汁,,一般飲食物添加物,,,,
オレンジ果汁,,一般飲食物添加物,,,,
カウベリー果汁,,一般飲食物添加物,,,,
グースベリー果汁,,一般飲食物添加物,,,,
クランベリー果汁,,一般飲食物添加物,,,,
サーモンベリー果汁,,一般飲食物添加物,,,,
ストロベリー果汁,,一般飲食物添加物,,,,
ダークスィートチェリー果汁,,一般飲食物添加物,,,,
チェリー果汁,,一般飲食物添加物,,,,
チンブルベリー果汁,,一般飲食物添加物,,,,
デュベリー果汁,,一般飲食物添加物,,,,
パイナップル果汁,,一般飲食物添加物,,,,
ハクルベリー果汁,,一般飲食物添加物,,,,
ブドウ果汁,,一般飲食物添加物,,,,
ブラックカーラント果汁,,一般飲食物添加物,,,,
ブラックベリー果汁,,一般飲食物添加物,,,,
プラム果汁,,一般飲食物添加物,,,,
ブルーベリー果汁,,一般飲食物添加物,,,,
ベリー果汁,,一般飲食物添加物,,,,
ボイセンベリー果汁,,一般飲食物添加物,,,,
ホワートルベリー果汁,,一般飲食物添加物,,,,
マルベリー果汁,,一般飲食物添加物,,,,
モレロチェリー果汁,,一般飲食物添加物,,,,
ラズベリー果汁,,一般飲食物添加物,,,,
レッドカーラント果汁,,一般飲食物添加物,,,,
レモン果汁,,一般飲食物添加物,,,,
ローガンベリー果汁,,一般飲食物添加物,製造用剤,牛乳又は脱脂乳より、酸処理による沈殿によって得られたタンパク質である。,,
カゼイン,,一般飲食物添加物,増粘安定剤,アラメ、オキナワモズク、コンブ又はワカメより、水で抽出して得られたものである。成分はポリウロン酸及び硫酸多糖である。,,
褐藻抽出物,,一般飲食物添加物,甘味料,マメ科ウラルカンゾウ（Glycyrrhiza uralensis FISCHER）、マメ科チョウカカンゾウ（Glycyrrhiza inflata BATALIN）又は、マメ科ヨウカンゾウ（Glycyrrhiza glabra LINNE）の根茎を粉砕したものである。甘味成分はグリチルリチン酸である。,,
カンゾウ末,,一般飲食物添加物,製造用剤,,,
寒天,,一般飲食物添加物,着色料,ユキノシタ科グースベリー（Ribes grossularia LINNE）の果実より、搾汁したもの、又は水で抽出して得られたものである。主色素はアントシアニンである。赤色～青色を呈する。,,
グーズベリー色素,,一般飲食物添加物,着色料,ツツジ科クランベリー（Oxycoccus macrocarpus PERS.）の果実より、搾汁したもの、又は水で抽出して得られたものである。主色素はシアニジングリコシド、ペラルゴニジングリコシドである。赤色～青色を呈する。,,
クランベリー色素,,一般飲食物添加物,増粘安定剤,,,
グルテン,,一般飲食物添加物,増粘安定剤,,,
グルテン分解物,,一般飲食物添加物,"調味料
製造用剤",緑藻類クロレラ（Chlorella）を、熱時水で抽出後、濃縮、精製して得られたものである。,,
クロレラ抽出液,,一般飲食物添加物,着色料,緑藻類クロレラ（Chlorella）を、乾燥し、粉末化したものである。,,
クロレラ末,,一般飲食物添加物,着色料,,,
ココア,,一般飲食物添加物,製造用剤,,,
小麦粉,,一般飲食物添加物,製造用剤,イネ科コムギ（Triticum aestivum LINNE）の種子（玄麦）を、ばい煎後、熱時水で抽出して得られたものである。,,
コムギ抽出物,,一般飲食物添加物,製造用剤,,,
コラーゲン,,一般飲食物添加物,"増粘安定剤
製造用剤",サトイモ科コンニャク（Amorphophallus konjac）の根茎を、乾燥、粉砕後、含水エタノールで洗浄して得られたもの、又はこれを冷時～温時水で抽出して得られたもので、グルコースとマンノースで構成される多糖類からなる。,,
コンニャクイモ抽出物,,一般飲食物添加物,"製造用剤
増粘安定剤",ヒルガオ科サツマイモ（Ipomoea batatas POIR.）の塊根より得られたものである。主成分はセルロースである。,,
サツマイモセルロース,,一般飲食物添加物,着色料,,,
サフラン,,一般飲食物添加物,着色料,アヤメ科サフラン（Crocus sativus LINNE）の雌芯頭より、エタノールで抽出して得られたものである。主色素は、カロテノイド系のクロシン、クロセチンである。黄色を呈する。,,
サフラン色素,,一般飲食物添加物,着色料,バラ科サーモンベリー（Rubus spectabilis PURSH.）の果実より、搾汁したもの、又は水で抽出して得られたものである。主色素はアントシアニンである。赤色～青色を呈する。,,
サーモンベリー色素,,一般飲食物添加物,着色料,シソ科シソ（Perilla frutescens BRITT. var.acuta KUDO）の葉より、室温時水、弱酸性水溶液又は含水エタノールで抽出して得られたものである。主色素は、シソニン、マロニルシソニンである。赤色～赤紫色を呈する。,,
シソ色素,,一般飲食物添加物,着色料,バラ科オランダイチゴ（Fragaria ananassa DUCHESNE）の果実より、搾汁したもの、又は水で抽出して得られたものである。主色素は、シアニジングリコシド、ペラルゴニジングリコシドである。赤色～青色を呈する。,,
ストロベリー色素,,一般飲食物添加物,製造用剤,,,
ゼラチン,,一般飲食物添加物,"製造用剤
増粘安定剤",マメ科ダイズ（Glycine max MERRILL）の種子から得られた多糖類である。主成分はヘミセルロースである。,,
ダイズ多糖類,,一般飲食物添加物,苦味料等,ミカン科ダイダイ（Citrus aurantium LINNE）の果皮より、エタノールで抽出して得られたものである。主成分はリモニンである。,,
ダイダイ抽出物,,一般飲食物添加物,着色料,バラ科セイヨウミザクラ（Prunus avium LINNE）の果実より、搾汁したもの、又は室温時～温時水若しくは弱酸性水溶液で抽出して得られたものである。主色素はアントシアニンである。赤色～赤紫色を呈する。,,
ダークスィートチェリー色素,,一般飲食物添加物,着色料,バラ科カラミザクラ（Prunus pauciflora BUNGE）の果実より、搾汁したもの、又は室温時～温時水若しくは弱酸性水溶液で抽出して得られたものである。主色素はシアニジングリコシドである。赤色～赤紫色を呈する。,,
チェリー色素,,一般飲食物添加物,着色料,キク科キクニガナ（Cichorium intybus LINNE）の根をばい煎したものより、温時水で抽出して得られたものである。黄褐色を呈する。,,
チコリ色素,,一般飲食物添加物,着色料,,,
茶,,一般飲食物添加物,着色料,バラ科クロミキイチゴ（Robus occidentalis LINNE）の果実より、搾汁したもの、又は水で抽出して得られたものである。主色素はアントシアニンである。赤色～青色を呈する。,,
チンブルベリー色素,,一般飲食物添加物,着色料,バラ科オオナワシロイチゴ（Rubus caesius LINNE）の果実より、搾汁したもの、又は水で抽出して得られたものである。主色素はアントシアニンである。赤色～青色を呈する。,,
デュベリー色素,,一般飲食物添加物,製造用剤,イネ科トウモロコシ（Zea mays LINNE）の種皮から得られたものである。主成分はセルロース、ヘミセルロース及びリグニンである。,,
トウモロコシセルロース,,一般飲食物添加物,"増粘安定剤
製造用剤",,,
ナタデココ,,一般飲食物添加物,酵素,乳酸菌を培養した後、集菌、濃縮し、凍結又は乾燥したものである。,,
乳酸菌濃縮物,,一般飲食物添加物,着色料,ウシケノリ科アマノリ（Porphyra tenera KJELLM.）の葉より、温時水又は弱酸性水溶液で抽出して得られたものである。主色素はフィコエリトリンである。桃色～赤色を呈する。,,
ノリ色素,,一般飲食物添加物,着色料,アオイ科ローゼル（Hibiscus sabdariffa LINNE）の花弁及び咢部より、室温時水で抽出して得られたものである。主色素はデルフィニジン-3-サンブビオシド等である。赤色～紫赤色を呈する。,,
ハイビスカス色素,,一般飲食物添加物,着色料,イネ科オオムギ（Hordeum vulgare LINNE）の麦芽又はこれを焙煎したものを室温時～温時水で抽出して得られたものである。,,
麦芽抽出物,,一般飲食物添加物,着色料,ツヅジ科ブラックハクルベリー（Gaylussacia baccata C.KOCH.）の果実より、搾汁したもの、又は水で抽出して得られたものである。主色素はアントシアニンである。赤色～青色を呈する。,,
ハクルベリー色素,,一般飲食物添加物,着色料,,,
パプリカ粉末,,一般飲食物添加物,着色料,ブドウ科アメリカブドウ（Vitis Labrusca LINNE）又はブドウ科ブドウ（Vitis vinifera LINNE）の果実より、搾汁し、沈殿を除去して得られたものである。主色素はマルビジン-3-グルコシド等である。赤色～赤紫色を呈する。,,
ブドウ果汁色素,,一般飲食物添加物,着色料,ユキノシタ科クロフサスグリ（Ribes nigrum LINNE）の果実より、搾汁したもの、又は室温時～微温時水若しくは弱酸性水溶液で抽出して得られたものである。主色素はデルフイニジン-3-ルチノシド等である。赤色～青色を呈する。,,
ブラックカーラント色素,,一般飲食物添加物,着色料,バラ科ヨーロッパブラックベリー（Rubus fruticosus LINNE）の果実より、搾汁したもの、又は水で抽出して得られたものである。主色素はシアニジングリコシドである。赤色～青色を呈する。,,
ブラツクベリー色素,,一般飲食物添加物,着色料,バラ科プラム（Prunus domestica LINNE）の果実より、エタノールで抽出して得られたものである。主色素はシアニジングルコシド等である。赤色～赤紫色を呈する。,,
プラム色素,,一般飲食物添加物,着色料,ツツジ科ハイブッシュブルーベリー（Vaccinium corymbosum LINNE）又はツツジ科ロースィートブルーベリー（Vaccinium angustifolium AIT.）の果実より、搾汁したもの、又は室温時～微温時水若しくは弱酸性水溶液で抽出して得られたものである。主色素はアントシアニンである。赤色～青色を呈する。,,
ブルーベリー色素,,一般飲食物添加物,着色料,バラ科エゾイチゴ（Rubus strigosus MICHX.）の果実より、搾汁したもの、又は室温時～微温時水若しくは弱酸性水溶液で抽出して得られたものである。主色素はシアニジン-3-グルコシド等である。赤色～青色を呈する。,,
ボイセンベリー色素,,一般飲食物添加物,調味料,乳清（チーズホエイ）より、乳清タンパクと乳糖を分離除去し、精製して得られたものである。成分は、カリウム、カルシウム、ナトリウム等の塩類である。,,
ホエイソルト,,一般飲食物添加物,苦味料等,,,
ホップ抽出物,,一般飲食物添加物,着色料,ツツジ科ホワートルベリー（Vaccinium myrtillus LINNE）の果実より、搾汁したもの、水若しくはエタノールで抽出して得られたもの、又は室温時メタノールで抽出し、溶媒を除去したものである。主色素はマルビジングルコシド等である。赤色～青色を呈する。,,
ホワートルベリー色素,,一般飲食物添加物,着色料,クワ科ブラックマルベリー（Morus nigra LINNE）又はクワ科ホワイトマルベリー（Morus alba LINNE）の果実より、搾汁したもの、又は水で抽出して得られたものである。主色素はシアニジングルコシド等である。赤色～青色を呈する。,,
マルベリー色素,,一般飲食物添加物,増粘安定剤,,,
マンナン,,一般飲食物添加物,着色料,バラ科モレロチェリー（Prunus cerasus LINNE var.austera LINNE）の果実より、室温時～温時エタノールで抽出して得られたものである。主色素はシアニジングリコシルルチノシド等である。赤色～赤紫色を呈す。,,
モレロチェリー色素,,一般飲食物添加物,着色料,,,
野菜ジュース,,一般飲食物添加物,,,,
アカキャベツジュース,,一般飲食物添加物,,,,
アカビートジュース,,一般飲食物添加物,,,,
シソジュース,,一般飲食物添加物,,,,
タマネギジュース,,一般飲食物添加物,,,,
トマトジュース,,一般飲食物添加物,,,,
ニンジンジュース,,一般飲食物添加物,苦味料等,キク科ヨモギ（Artemisia princeps PAMPAN.）の茎又は葉より、水又はエタノールで抽出して得られたものである。主成分はカフェタンニン及び精油類である。,,
ヨモギ抽出物,,一般飲食物添加物,着色料,バラ科セイヨウキイチゴ（Rubus Idaeus LINNE）の果実より、搾汁したもの、又は室温時～微温時水若しくは弱酸性水溶液で抽出して得られたものである。主色素はシアニジングリコシドである。赤色～青色を呈する。,,
ラズベリー色素,,一般飲食物添加物,製造用剤,,,
卵白,,一般飲食物添加物,着色料,ユキノシタ科アカスグリ（Ribes sativum SYME.）の果実より、搾汁したもの、又は水で抽出して得られたものである。主色素は、ペラルゴニジンガラクトシド、ペチュニジンガラクトシド等である。赤色～青色を呈する。,,
レッドカーラント色素,,一般飲食物添加物,増粘安定剤,,,
レンネツトカゼイン,,一般飲食物添加物,着色料,バラ科ローガンベリー（Rubus loganobaccus BAILEY）の果実より、搾汁したもの、又は水で抽出して得られたものである。主色素はシアニジングリコシドである。赤色～青色を呈する。,,
ローガンベリー色素,,一般飲食物添加物,,,,
安息香酸（Na）,,,,,,
クエン酸（Na）,,,,,,
ソルビン酸（Ｋ，Ca）,,,,,,
乳酸（Na，Ca）,,,,,,
酢酸（Na）,,,,,,
リン酸（Na）,,,,,,
グルタミン酸塩（Ｋ，Ca）,,,,,,
酒石酸塩（Ｋ，Na）,,,,,,
ステアリン酸塩（Ca，Mg）,,,,,,
ステアロイル乳酸塩（Ca，Na）,,,,,,
炭酸塩（Na，Mg）,,,,,,
リン酸塩（Na，Ｋ）,,,,,,
リン酸塩（Ca，Na）,,,,,,
リン酸塩（Ｋ）,,,,,,
リン酸塩（Na）,,,,,,
リン酸塩（Na，Ｋ）,,,,,,
塩化物（Ca，Mg）,,,,,,
酸化物（Ca，Mg）,,,,,,
フェロシアン化物（Ｋ，Na）,,,,,,
イーストフード,,,,,,
ガムベース,,,,,,
かんすい,,,,,,
苦味料,,,,,,
酵素,,,,,,
光沢剤,,,,,,
香料,,,,,,
酸味料,,,,,,
軟化剤,,,,,,
調味料(アミノ酸等),,,,,,
豆腐用凝固剤又,,,,,,
凝固剤,,,,,,
乳化剤,,,,,,
水素イオン濃度調整剤又,,,,,,
pH 調整剤,,,,,,
膨脹剤,,,,,,
ベーキングパウダー,,,,,,
ふくらし粉,,,,,,